,year,option,Bi 9: Cell Biology,Bi 10: Introductory Biology Laboratory,Bi 117: Developmental Biology,Bi 122: Genetics,Bi/CNS 150: Introduction to Neuroscience,Ch 41abc: Organic Chemistry,Ma 2,Ma 3,ACM 95ab,BE 1,BE 150,BE 159,BE/CS/CNS/Bi 191a,Ma 2,Ma 3,Ph 2a,Ch 14,Ch 21a,Ch 21b,Ch 21c,Ch 24,Ch 25,Ch 41abc,Ch 4ab,Ch 5ab,Ch 6ab,Ch 7,Ch 10c,Ch 15,Bi 10,MS 90,ACM 95ab,Ec 11,Ch/ChE 9,ChE 15,ChE 62,ChE 63ab,ChE 101,ChE 103abc,ChE 105,ChE 126,Ma 5abc,Ma 110abc,Ma/CS 6abc,Ma 108 abc,Ma 109 abc,Ma 121abc ,Ma 120abc,Ma 116abc,Ma 151abc,CS 21,CS 38,Ma 2,Ma 3,Ph 12a,Ph 12b,Ph 12c,ACM 95ab,Ph 3,Ph 5,Ph 8bc,APh 9a,Ph 6,Ph 7,Ph 78,Ph 77,Ph 106abc,Ph 125abc,Ph 127,Ph 20,Ph 21,Ay 20,Ay 21,Ay 101,Ay 102,Ay 105,Ay 141,Ph 2/12abc,Ph 106 abc,Ph 125 ab,ACM 95ab,APh 105 abc,APh 101 abc,APh 78 abc,APh 79 abc,APh 114 abc,APh/Ph 115,APh/Ph/Ae 116,APh/EE 130,APh/EE 131,APh/EE 132,APh 156 abc,APh 190 abc,APh 77 bc,APh/EE 9b,Ph 3,Ph 5,Ph 6,Ph 7,APh 23,APh 24,MS 122,MS 125,MS 131,MS 132,MS 133,MS 142,MS 115,MS/ME/MedE 116 ,MS 90,ACM 104,Ec 11,PS 12,Ec 122,PS/Ec 172,Bem 102,Bem 103,Bem 104,Bem 105,Bem 107,Bem/Ec 150,Ec 121 ab,Ma 2,Ma 3,ACM 95ab,Ge/Ay 117,Ge/ESE 118,Ph 2a/12a,Ph 2b/12b,Ge 11ab,Ge/Ay 11c,Ge 11d,Ge 109,Ph 2a/12a,Ph 2b/12b,Ph 2c/12c,ME 11 abc,ACM 95ab,ME 11 abc,ME 12 abc,ME 13,ME 14,ACM 95ab,ME 50 ab,ME 72 ab,ME/CS 133 ab,Ma 2,Ma 3,Ph 2a,Ph 2b,Ph 2c,ACM 95ab,APh/EE 9 ab,EE 44,EE 45,EE 40,EE 5x (or EE 10a and 10b),EE 111,EE 90,ACM/EE 116,EE 151,EE 160,EE 113,CDS 110,EE 91,CMS/CS/EE 144,CS/CNS/EE 156ab,CS 2 ,CS 4,CS 11,CS 21,CS 24,CS 38,CS 156a,CS 155,CS 144,CS 121,CS 171,Ma 3,Ma/CS 6abc,Ma 108abc,ACM 95ab,ACM 104,ACM/EE 116
,2021,Electrical Engineering,,,,,,,,,,,,,,,,,,,,,,,,,,,,,,,,,,,,,,,,,,,,,,,,,,,,,,,,,,,,,,,,,,,,,,,,,,,,,,,,,,,,,,,,,,,,,,,,,,,,,,,,,,,,,,,,,,,,,,,,,,,,,,,,,,,,,,,,,,,,,,,,,,,"Ma 1a, Ma 1b, Ma 1c, Ch 1a, Ch 1b, Ch 3a, Ph 1a, Ph 1b, Ph 1c, Bi 1x",,,,,,,,,,,,,,,,,,,,,,,,,,,,,,,,,,,,,
,2020,Computer Science,,,,,,,,,,,,,,,,,,,,,,,,,,,,,,,,,,,,,,,,,,,,,,,,,,,,,,,,,,,,,,,,,,,,,,,,,,,,,,,,,,,,,,,,,,,,,,,,,,,,,,,,,,,,,,,,,,,,,,,,,,,,,,,,,,,,,,,,,,,,,,,,,,,,,,,,,,,,,,,,,,,,,,,,"CS 1, CS 11",CS 1,,,CS 2,CS 21,,,,CS 1,,,,,,,
,2019,Computer Science,,,,,,,,,,,,,,,,,,,,,,,,,,,,,,,,,,,,,,,,,,,,,,,,,,,,,,,,,,,,,,,,,,,,,,,,,,,,,,,,,,,,,,,,,,,,,,,,,,,,,,,,,,,,,,,,,,,,,,,,,,,,,,,,,,,,,,,,,,,,,,,,,,,,,,,,,,,,,,,,,,,,,,,,,CS 2,,Ma/CS 6a,"CS 2, CS 24","CS 38, CS 21, Ma/CS 6a",,,,,,,,,,,
,2021,Computer Science,,,,,,,,,,,,,,,,,,,,,,,,,,,,,,,,,,,,,,,,,,,,,,,,,,,,,,,,,,,,,,,,,,,,,,,,,,,,,,,,,,,,,,,,,,,,,,,,,,,,,,,,,,,,,,,,,,,,,,,,,,,,,,,,,,,,,,,,,,,,,,,,,,,,,,,,,,,,,,,,,,,,,,,,CS 1,,"CS 1, CS 2",Ma 1a,,,,,,,,,,,,,
,2020,Computer Science,,,,,,,,,,,,,,,,,,,,,,,,,,,,,,,,,,,,,,,,,,,,,,,,,,,,,,,,,,,,,,,,,,,,,,,,,,,,,,,,,,,,,,,,,,,,,,,,,,,,,,,,,,,,,,,,,,,,,,,,,,,,,,,,,,,,,,,,,,,,,,,,,,,,,,,,,,,,,,,,,,,,,,,,CS 38,,,Ma 5,"CS 2, CS 11",CS 21,,,,,,,,,,,
,2019,Computer Science,,,,,,,,,,,,,,,,,,,,,,,,,,,,,,,,,,,,,,,,,,,,,,,,,,,,,,,,,,,,,,,,,,,,,,,,,,,,,,,,,,,,,,,,,,,,,,,,,,,,,,,,,,,,,,,,,,,,,,,,,,,,,,,,,,,,,,,,,,,,,,,,,,,,,,,,,,,,,,,,,,,,,,,,CS 1,"CS 1, CS 2, CS 11",,"Ma 1a, Ma/CS 6",CS 2,"Ma 1a, CS 2, CS 21, Ma/CS 6",CS 1,"CS 2, CS 156a",,,,,,,,,
,2019,Mechanical Engineering,,,,,,,,,,,,,,,,,,,,,,,,,,,,,,,,,,,,,,,,,,,,,,,,,,,,,,,,,,,,,,,,,,,,,,,,,,,,,,,,,,,,,,,,,,,,,,,,,,,,,,,,,,,,,,,,,,,,,,,,,,,,,,,,,,,,,,,,,,,Ch 1a,Ph 1a,,CS 1,"Ma 1b, Ma 1c","Ma 1b, Ch 3a, Bi 1x, CS 1","Ph 1a, CS 1","Ma 1b, Ma 1c, Ph 1a, CS 1",,,,,,,,,,,,,,,,,,,,,,,,,,,,,,,,,,,,,,
,2018,Mechanical Engineering,,,,,,,,,,,,,,,,,,,,,,,,,,,,,,,,,,,,,,,,,,,,,,,,,,,,,,,,,,,,,,,,,,,,,,,,,,,,,,,,,,,,,,,,,,,,,,,,,,,,,,,,,,,,,,,,,,,,,,,,,,,,,,,,,,,,,,,,,,,"Ma 1b, Ma 1c, Ph 1a, Ph 1b, Ph 1c","Ma 1b, Ma 1c, Ph 1a, Ph 1b, Ph 1c",,,"Ma 1b, Ma 1c, CS 1",Ch 3x,,"Ma 1b, Ma 1c, Ph 1a, Ph 1b, Ph 1c, CS 1",,,,,,,,,,,,,,,,,,,,,,,,,,,,,,,,,,,,,,
,2020,Math,,,,,,,,,,,,,,,,,,,,,,,,,,,,,,,,,,,,,,,,,,"Ma 1a, Ma 1b",,,"Ma 1a, Ma 1b, Ma 1c","Ma 1a, Ma 1b, Ma 1c, Ma 108a",,,"Ma 5abc, Ma 108abc, Ma 109abc",,,,,,,,,,,,,,,,,,,,,,,,,,,,,,,,,,,,,,,,,,,,,,,,,,,,,,,,,,,,,,,,,,,,,,,,,,,,,,,,,,,,,,,,,,,,,,,,,,,,,,,,,,,,,,,,,,,,,,,,,,,,,,,,,,,,,,,
,2019,Bioengineering,Bi 8,"Bi 8, Bi 9",,,,"Ch 1a, Ch 1b, Ch 3a",Ma 1c,,,,,,,,,,,,,,,,,,,,,,,,,,,,,,,,,,,,,,,,,,,,,,,,,,,,,,,,,,,,,,,,,,,,,,,,,,,,,,,,,,,,,,,,,,,,,,,,,,,,,,,,,,,,,,,,,,,,,,,,,,,,,,,,,,,,,,,,,,,,,,,,,,,,,,,,,,,,,,,,,,,,,,,,,,,,,,,,,
,2018,Mechanical Engineering,,,,,,,,,,,,,,,,,,,,,,,,,,,,,,,,,,,,,,,,,,,,,,,,,,,,,,,,,,,,,,,,,,,,,,,,,,,,,,,,,,,,,,,,,,,,,,,,,,,,,,,,,,,,,,,,,,,,,,,,,,,,,,,,,,,,,,,,,,,"Ma 1c, Ph 1a","Ma 1c, Ph 1a",,,Ma 1c,"Ma 1b, Ma 1c, Ph 1a",,,,,,,,,,,,,,,,,,,,,,,,,,,,,,,,,,,,,,,,
,2021,Computer Science,,,,,,,,,,,,,,,,,,,,,,,,,,,,,,,,,,,,,,,,,,,,,,,,,,,,,,,,,,,,,,,,,,,,,,,,,,,,,,,,,,,,,,,,,,,,,,,,,,,,,,,,,,,,,,,,,,,,,,,,,,,,,,,,,,,,,,,,,,,,,,,,,,,,,,,,,,,,,,,,,,,,,,,,,,CS 24,,,CS 21,,,,,,,,,,,
,2020,Math,,,,,,,,,,,,,,,,,,,,,,,,,,,,,,,,,,,,,,,,,,Ma 1b,,,Ma 1c,,,,,,,,,,,,,,,,,,,,,,,,,,,,,,,,,,,,,,,,,,,,,,,,,,,,,,,,,,,,,,,,,,,,,,,,,,,,,,,,,,,,,,,,,,,,,,,,,,,,,,,,,,,,,,,,,,,,,,,,,,,,,,,,,,,,,,,,,,,
,2020,Physics/Astrophysics,,,,,,,,,,,,,,,,,,,,,,,,,,,,,,,,,,,,,,,,,,,,,,,,,,,,,"Ma 1b, Ph 1a, Ph 1b, Ph 1c",,"Ma 1b, Ph 1a, Ph 1b, Ph 1c","Ma 1b, Ph 1a, Ph 1b, Ph 1c","Ma 1b, Ma 1c, Ph 1a, Ph 1b, Ph 1c","Ma 1b, Ma 1c",,"Ma 1b, Ph 1b, Ph 1c",,,"Ma 1b, Ma 1c, Ph 1a, Ph 1b, Ph 1c, Ma 2, Ma 3, Ph 12a, Ph 12b","Ma 1b, Ma 3, Ph 12a, Ph 12b",,,,,,CS 1,"Ma 1a, Ma 1b, Ma 1c, CS 1",,,,,,,,,,,,,,,,,,,,,,,,,,,,,,,,,,,,,,,,,,,,,,,,,,,,,,,,,,,,,,,,,,,,,,,,,,,,,,,,,,,,,,,,,,,,,,,,,,,,,,,,,,,,,,,,,
,2020,Computer Science,,,,,,,,,,,,,,,,,,,,,,,,,,,,,,,,,,,,,,,,,,,,,,,,,,,,,,,,,,,,,,,,,,,,,,,,,,,,,,,,,,,,,,,,,,,,,,,,,,,,,,,,,,,,,,,,,,,,,,,,,,,,,,,,,,,,,,,,,,,,,,,,,,,,,,,,,,,,,,,,,,,,,,,,CS 1,,"CS 1, CS 2",Ma 1a,CS 2,,"CS 1, Bi 1","CS 1, CS 2, Bi 1",,,,,,,,,
,2021,Computer Science,,,,,,,,,,,,,,,,,,,,,,,,,,,,,,,,,,,,,,,,,,,,,,,,,,,,,,,,,,,,,,,,,,,,,,,,,,,,,,,,,,,,,,,,,,,,,,,,,,,,,,,,,,,,,,,,,,,,,,,,,,,,,,,,,,,,,,,,,,,,,,,,,,,,,,,,,,,,,,,,,,,,,,,,,,,,,,,,,,,,,,,,
,2018,Computer Science,,,,,,,,,,,,,,,,,,,,,,,,,,,,,,,,,,,,,,,,,,,,,,,,,,,,,,,,,,,,,,,,,,,,,,,,,,,,,,,,,,,,,,,,,,,,,,,,,,,,,,,,,,,,,,,,,,,,,,,,,,,,,,,,,,,,,,,,,,,,,,,,,,,,,,,,,,,,,,,,,,,,,,,,CS 1,CS 1,CS 1,,"CS 1, CS 2",CS 2,"Ma 1b, Ma 3","Ma 1b, Ma 3",,,,,,,,,
,2021,Bioengineering,"Ch 1b, Bi 8",,,,,,,,,,,,,,,,,,,,,,,,,,,,,,,,,,,,,,,,,,,,,,,,,,,,,,,,,,,,,,,,,,,,,,,,,,,,,,,,,,,,,,,,,,,,,,,,,,,,,,,,,,,,,,,,,,,,,,,,,,,,,,,,,,,,,,,,,,,,,,,,,,,,,,,,,,,,,,,,,,,,,,,,,,,,,,,,,,,,,,,
,2021,Computer Science,,,,,,,,,,,,,,,,,,,,,,,,,,,,,,,,,,,,,,,,,,,,,,,,,,,,,,,,,,,,,,,,,,,,,,,,,,,,,,,,,,,,,,,,,,,,,,,,,,,,,,,,,,,,,,,,,,,,,,,,,,,,,,,,,,,,,,,,,,,,,,,,,,,,,,,,,,,,,,,,,,,,,,,,,,,"Ma 1a, CS 1",,,,,,,,,,,,,
,2020,ACM,,,,,,,,,,,,,,,,,,,,,,,,,,,,,,,,,,,,,,,,,,,,,,,,,,,,,,,,,,,,,,,,,,,,,,,,,,,,,,,,,,,,,,,,,,,,,,,,,,,,,,,,,,,,,,,,,,,,,,,,,,,,,,,,,,,,,,,,,,,,,,,,,,,,,,,,,,,,,,,,,,,,,,,,,,,,,,,,,,,AP Statistics,,,"Ma 1a, Ma 1b, Ma 1c",,
,2018,GPS,,,,,,,,,,,,,,,,,,,,,,,,,,,,,,,,,,,,,,,,,,,,,,,,,,,,,,,,,,,,,,,,,,,,,,,,,,,,,,,,,,,,,,,,,,,,,,,,,,,,,,,,,,,,,,,,,,,,,,,,,,,"Ma 1b, Ma 1c, Ph 1b, Ph 1c",,Ma 2,Ph 3,,"Ma 1b, Ph 1a, Ph 1b, Ph 1c, ACM 95","Ma 1b, Ph 1a, Ph 1b, Ph 1c, ACM 95","Ch 1a, Ch 1b",Ph 1a,"Ma 1b, Ma 1c, Ph 1a, Ma 2, Ph 2/12a",,,,,,,,,,,,,,,,,,,,,,,,,,,,,,,,,,,,,,,,,,,,,,,,,,,,
,2020,Physics/Astrophysics,,,,,,,,,,,,,,,,,,,,,,,,,,,,,,,,,,,,,,,,,,,,,,,,,,,,,Ph 1b,Ph 3,"Ph 1a, Ph 1b, Ph 1c","Ph 1a, Ph 1b, Ph 1c",,"Ma 1a, Ph 1b, Ma 2",Ph 1a,"Ph 1a, Ph 1b, Ph 1c, Ph 3",,,"Ph 12a, Ph 12b, Ph5",,,,"Ph 2/12a, Ph 2/12b","Ph 2/12a, Ph 2/12b",,,,,,,,,,,,,,,,,,,,,,,,,,,,,,,,,,,,,,,,,,,,,,,,,,,,,,,,,,,,,,,,,,,,,,,,,,,,,,,,,,,,,,,,,,,,,,,,,,,,,,,,,,,,,,,,,,,,
,2019,Computer Science,,,,,,,,,,,,,,,,,,,,,,,,,,,,,,,,,,,,,,,,,,,,,,,,,,,,,,,,,,,,,,,,,,,,,,,,,,,,,,,,,,,,,,,,,,,,,,,,,,,,,,,,,,,,,,,,,,,,,,,,,,,,,,,,,,,,,,,,,,,,,,,,,,,,,,,,,,,,,,,,,,,,,,,,"CS 1, CS 11",CS 1,CS 1,Ma 1a,"CS 2, CS 11",,,,,CS 1,,,,,,,
,2020,GPS,,,,,,,,,,,,,,,,,,,,,,,,,,,,,,,,,,,,,,,,,,,,,,,,,,,,,,,,,,,,,,,,,,,,,,,,,,,,,,,,,,,,,,,,,,,,,,,,,,,,,,,,,,,,,,,,,,,,,,,,,,,Ma 1b,,,Research,,,,"Bi 8, Ge 1, Ge 114",Ge/Ay 159 ,,,,,,,,,,,,,,,,,,,,,,,,,,,,,,,,,,,,,,,,,,,,,,,,,,,,,
,2018,Biology,Bi 8,,"Bi 9, Bi 150",Bi 8,"Bi 8, Bi 9","Ch 1a, Ch 1b, Ch 3a","Ma 1a, Ma 1b, Ma 1c",,,,,,,,,,,,,,,,,,,,,,,,,,,,,,,,,,,,,,,,,,,,,,,,,,,,,,,,,,,,,,,,,,,,,,,,,,,,,,,,,,,,,,,,,,,,,,,,,,,,,,,,,,,,,,,,,,,,,,,,,,,,,,,,,,,,,,,,,,,,,,,,,,,,,,,,,,,,,,,,,,,,,,,,,,,,,,,,,
,2021,ACM,,,,,,,,,,,,,,,,,,,,,,,,,,,,,,,,,,,,,,,,,,,,,,,,,,,,,,,,,,,,,,,,,,,,,,,,,,,,,,,,,,,,,,,,,,,,,,,,,,,,,,,,,,,,,,,,,,,,,,,,,,,,,,,,,,,,,,,,,,,,,,,,,,,,,,,,,,,,,,,,,,,,,,,,,,,,,,,,,,,,,,,,
,2020,Computer Science,,,,,,,,,,,,,,,,,,,,,,,,,,,,,,,,,,,,,,,,,,,,,,,,,,,,,,,,,,,,,,,,,,,,,,,,,,,,,,,,,,,,,,,,,,,,,,,,,,,,,,,,,,,,,,,,,,,,,,,,,,,,,,,,,,,,,,,,,,,,,,,,,,,,,,,,,,,,,,,,,,,,,,,,CS 1,CS 1,,Ma 1a,"CS 1, CS 2",Ma 1a,,,,,,,,,,,
,2021,Math,,,,,,,,,,,,,,,,,,,,,,,,,,,,,,,,,,,,,,,,,,,,,,,,,,,,,,,,,,,,,,,,,,,,,,,,,,,,,,,,,,,,,,,,,,,,,,,,,,,,,,,,,,,,,,,,,,,,,,,,,,,,,,,,,,,,,,,,,,,,,,,,,,,,,,,,,,,,,,,,,,,,,,,,,,,,,,,,,,,,,,,,
,2020,Biology,Bi 8,"Bi 8, Bi 22","Bi 8, Bi 9","Bi 8, Bi 9","Ch 1a, Ch 1b, Ph 1bc, Bi 8, Bi 9","Ch 1a, Ch 1b, Ch 3a",Ma 1a,,,,,,,,,,,,,,,,,,,,,,,,,,,,,,,,,,,,,,,,,,,,,,,,,,,,,,,,,,,,,,,,,,,,,,,,,,,,,,,,,,,,,,,,,,,,,,,,,,,,,,,,,,,,,,,,,,,,,,,,,,,,,,,,,,,,,,,,,,,,,,,,,,,,,,,,,,,,,,,,,,,,,,,,,,,,,,,,,
,2020,Computer Science,,,,,,,,,,,,,,,,,,,,,,,,,,,,,,,,,,,,,,,,,,,,,,,,,,,,,,,,,,,,,,,,,,,,,,,,,,,,,,,,,,,,,,,,,,,,,,,,,,,,,,,,,,,,,,,,,,,,,,,,,,,,,,,,,,,,,,,,,,,,,,,,,,,,,,,,,,,,,,,,,,,,,,,,CS 1,CS 1,CS 1,,CS 2,,CS 1,,,,,,,,,,
,2020,Materials Science,,,,,,,,,,,,,,,,,,,,,,,,,,,,,,,,,,,,,,,,,,,,,,,,,,,,,,,,,,,,,,,,,,,,,,,,,,,,,,"Ma 1b, Ma 1c",,,,,,,,,,,,,,,,,,,,,,,,,,,,,,"Ch 1a, Ch 1b","Ma 1b, Ma 1c, Ch 1a, Ch 1b",,,,,,,,,,,,,,,,,,,,,,,,,,,,,,,,,,,,,,,,,,,,,,,,,,,,,,,,,,,,,,,,,,,,,,,,,,,
,2020,Materials Science,,,,,,,,,,,,,,,,,,,,,,,,,,,,,,,,,,,,,,,,,,,,,,,,,,,,,,,,,,,,,,,,,,,,,,,,,,,,,,"Ma 1b, Ph 1a, Ph 1b, Ph 1c",,,"Ma 1b, Ma 2",,,,,,,,,,,,,,,,,,,,,,,,,,,Ch 1a,"Ma 1b, Ph 1a",,,,,,,,,,,,,,,,,,,,,,,,,,,,,,,,,,,,,,,,,,,,,,,,,,,,,,,,,,,,,,,,,,,,,,,,,,,
,2021,Physics/Astrophysics,,,,,,,,,,,,,,,,,,,,,,,,,,,,,,,,,,,,,,,,,,,,,,,,,,,,,,,,,,,,,,,,,,,,,,CS 1,,,,,,,,,,,,,,,,,,,,,,,,,,,,,,,,,,,,,,,,,,,,,,,,,,,,,,,,,,,,,,,,,,,,,,,,,,,,,,,,,,,,,,,,,,,,,,,,,,,,,,,,,,,,,,,,,,
,2018,Electrical Engineering,,,,,,,,,,,,,,,,,,,,,,,,,,,,,,,,,,,,,,,,,,,,,,,,,,,,,,,,,,,,,,,,,,,,,,,,,,,,,,,,,,,,,,,,,,,,,,,,,,,,,,,,,,,,,,,,,,,,,,,,,,,,,,,,,,,,,,,,,,,,,,,,,,,"Ma 1a, Ma 1b, Ma 1c",,"Ma 1b, Ma 1c, Ph 1b, Ph 1c","Ma 1b, Ma 1c, Ph 1b, Ph 1c","Ma 1b, Ma 1c, Ph 1b, Ph 1c","Ma 1b, Ma 1c, Ma 2",,"Ma 1b, Ma 1c, Ph 1b, Ph 1c, Ma 2, Ph 2a","Ph 1b, Ph 1c","Ph 1b, Ph 1c, Ph 2c",,Ph 1c,"Ph 1b, Ph 1c","Ma 1a, Ma 1b, Ma 1c, Ma 2, Ma 3",,,,"Ma 1a, Ma 1b, Ma 1c, Ma 2",,,,,,,,,,,,,,,,,,,,
,2019,Computer Science,,,,,,,,,,,,,,,,,,,,,,,,,,,,,,,,,,,,,,,,,,,,,,,,,,,,,,,,,,,,,,,,,,,,,,,,,,,,,,,,,,,,,,,,,,,,,,,,,,,,,,,,,,,,,,,,,,,,,,,,,,,,,,,,,,,,,,,,,,,,,,,,,,,,,,,,,,,,,,,,,,,,,,,,CS 1,"CS 1, CS 2","CS 1, CS 2",,"CS 1, CS 2","CS 21, Ma/CS 6","Ma 1b, Ma 1c, Ma 2, Ma 3, CS 1","Ma 1b, Ma 1c, Ma 2, Ma 3",,,"Ma 1b, CS 1, CS 2, CS 24",,,,,,
,2020,Computer Science,,,,,,,,,,,,,,,,,,,,,,,,,,,,,,,,,,,,,,,,,,,,,,,,,,,,,,,,,,,,,,,,,,,,,,,,,,,,,,,,,,,,,,,,,,,,,,,,,,,,,,,,,,,,,,,,,,,,,,,,,,,,,,,,,,,,,,,,,,,,,,,,,,,,,,,,,,,,,,,,,,,,,,,,,,,,CS 2,,,CS 156a,,,,,,,,,
,2021,Computer Science,,,,,,,,,,,,,,,,,,,,,,,,,,,,,,,,,,,,,,,,,,,,,,,,,,,,,,,,,,,,,,,,,,,,,,,,,,,,,,,,,,,,,,,,,,,,,,,,,,,,,,,,,,,,,,,,,,,,,,,,,,,,,,,,,,,,,,,,,,,,,,,,,,,,,,,,,,,,,,,,,,,,,,,,CS 11,,,,"CS 2, CS 11 (C track)",,,,,,,,,,,,
,2019,GPS,,,,,,,,,,,,,,,,,,,,,,,,,,,,,,,,,,,,,,,,,,,,,,,,,,,,,,,,,,,,,,,,,,,,,,,,,,,,,,,,,,,,,,,,,,,,,,,,,,,,,,,,,,,,,,,,,,,,,,,,,,,"Ma 1b, Ma 1c, Ph 1c",,,,,Ph 1c,Ph 1c,"Bi 8, Bi 9",,,,,,,,,,,,,,,,,,,,,,,,,,,,,,,,,,,,,,,,,,,,,,,,,,,,,,
,2020,Math,,,,,,,,,,,,,,,,,,,,,,,,,,,,,,,,,,,,,,,,,,,,,"Ma 1a, Ma 1b, Ma 1c",,Ma 5abc,,,,,,,,,,,,,,,,,,,,,,,,,,,,,,,,,,,,,,,,,,,,,,,,,,,,,,,,,,,,,,,,,,,,,,,,,,,,,,,,,,,,,,,,,,,,,,,,,,,,,,,,,,,,,,,,,,,,,,,,,,,,,,,,,,,,,,,,,
,2021,Computer Science,,,,,,,,,,,,,,,,,,,,,,,,,,,,,,,,,,,,,,,,,,,,,,,,,,,,,,,,,,,,,,,,,,,,,,,,,,,,,,,,,,,,,,,,,,,,,,,,,,,,,,,,,,,,,,,,,,,,,,,,,,,,,,,,,,,,,,,,,,,,,,,,,,,,,,,,,,,,,,,,,,,,,,,,,,,,,,,,,,,,,,,,
,2018,Computer Science,,,,,,,,,,,,,,,,,,,,,,,,,,,,,,,,,,,,,,,,,,,,,,,,,,,,,,,,,,,,,,,,,,,,,,,,,,,,,,,,,,,,,,,,,,,,,,,,,,,,,,,,,,,,,,,,,,,,,,,,,,,,,,,,,,,,,,,,,,,,,,,,,,,,,,,,,,,,,,,,,,,,,,,,"CS 21, CS 24, CS 38",,CS 24,CS 38,,,,,,,,,,,,,
,2019,Computer Science,,,,,,,,,,,,,,,,,,,,,,,,,,,,,,,,,,,,,,,,,,,,,,,,,,,,,,,,,,,,,,,,,,,,,,,,,,,,,,,,,,,,,,,,,,,,,,,,,,,,,,,,,,,,,,,,,,,,,,,,,,,,,,,,,,,,,,,,,,,,,,,,,,,,,,,,,,,,,,,,,,,,,,,,CS 1,"CS 1, CS 2","CS 1, CS 2",,"CS 1, CS 2",CS 21,CS 1,CS 156a,CS 1,CS 1,,,,,,,
,2021,Physics/Astrophysics,,,,,,,,,,,,,,,,,,,,,,,,,,,,,,,,,,,,,,,,,,,,,,,,,,,,,,,,,,,,,"Ph 1b, Ph 1c",,,,,,,,,CS 1,,,,,,,,,,,,,,,,,,,,,,,,,,,,,,,,,,,,,,,,,,,,,,,,,,,,,,,,,,,,,,,,,,,,,,,,,,,,,,,,,,,,,,,,,,,,,,,,,,,,,,,,,,,,,,,,,,
,2019,GPS,,,,,,,,,,,,,,,,,,,,,,,,,,,,,,,,,,,,,,,,,,,,,,,,,,,,,,,,,,,,,,,,,,,,,,,,,,,,,,,,,,,,,,,,,,,,,,,,,,,,,,,,,,,,,,,,,,,,,,,,,,,"Ma 1b, Ma 1c",,"Ma 1a, Ma 1b, Ma 1c",,,"Ph 1a, Ph 1c",,"Ch 1a, Ch 1b","Ch 1a, Ch 1b, Ph 1a","Ph 1a, Ph 1c",,,,,,,,,,,,,,,,,,,,,,,,,,,,,,,,,,,,,,,,,,,,,,,,,,,,
,2020,Chemistry,,,,,,,,,,,,,,"Ma 1b, Ma 1c, Ph 1b, Ph 1c, Bi 9",,"Ma 1b, Ma 1c, Ph 1a",,,,,,,"Ch 1a, Ch 1b, Ch 3a",Ch 3a,,,,,,"Ch 3a, Bi 9",,,,,,,,,,,,,,,,,,,,,,,,,,,,,,,,,,,,,,,,,,,,,,,,,,,,,,,,,,,,,,,,,,,,,,,,,,,,,,,,,,,,,,,,,,,,,,,,,,,,,,,,,,,,,,,,,,,,,,,,,,,,,,,,,,,,,,,,,,,,,,,,,,,,,,,,,,
,2020,GPS,,,,,,,,,,,,,,,,,,,,,,,,,,,,,,,,,,,,,,,,,,,,,,,,,,,,,,,,,,,,,,,,,,,,,,,,,,,,,,,,,,,,,,,,,,,,,,,,,,,,,,,,,,,,,,,,,,,,,,,,,,,"Ma 1a, Ma 1b",Ma 1b,"Ma 1a, Ma 1b, Ma 1c, Ma 2, Ph 2a",,,Ma 2,,"Ch 1a, Ch 1b",Ge114a,"Ph 1a, Ma 2",,,,,,,,,,,,,,,,,,,,,,,,,,,,,,,,,,,,,,,,,,,,,,,,,,,,
,2020,Physics/Astrophysics,,,,,,,,,,,,,,,,,,,,,,,,,,,,,,,,,,,,,,,,,,,,,,,,,,,,,"Ma 1a, Ma 1b, Ph 1b, Ph 1c","Ma 1a, Ma 1b","Ma 1a, Ma 1b, Ma 1c, Ph 1a, Ph 1b, Ph 1c","Ma 1a, Ma 1b, Ma 1c, Ph 1a, Ph 1b, Ph 1c","Ma 1a, Ma 1b, Ma 1c, Ph 1a, Ph 1b, Ph 1c","Ma 1a, Ma 1b, Ma 1c, Ma 2",,,,,"Ph 1a, Ph 1b, Ph 1c, Ma 2, Ph 12a, Ph 12b","Ph 1a, Ph 1b, Ph 1c, Ma 2, Ph 12a, Ph 12b",,,,,,"Ma 1a, Ph 1a, Ph 1b, Ph 1c, Bi 1, CS 1","Ma 1a, Ph 1a, Ph 1b, Ph 1c, Bi 1, CS 1",,,,,,,,,,,,,,,,,,,,,,,,,,,,,,,,,,,,,,,,,,,,,,,,,,,,,,,,,,,,,,,,,,,,,,,,,,,,,,,,,,,,,,,,,,,,,,,,,,,,,,,,,,,,,,,,,
,2018,Computer Science,,,,,,,,,,,,,,,,,,,,,,,,,,,,,,,,,,,,,,,,,,,,,,,,,,,,,,,,,,,,,,,,,,,,,,,,,,,,,,,,,,,,,,,,,,,,,,,,,,,,,,,,,,,,,,,,,,,,,,,,,,,,,,,,,,,,,,,,,,,,,,,,,,,,,,,,,,,,,,,,,,,,,,,,CS 11,,,,"CS 2, CS 11",,Ma 1c,"Ma 1c, Ma 3",,,,,,,,,
,2021,Math,,,,,,,,,,,,,,,,,,,,,,,,,,,,,,,,,,,,,,,,,,,,,,,,,,,,,,,,,,,,,,,,,,,,,,,,,,,,,,,,,,,,,,,,,,,,,,,,,,,,,,,,,,,,,,,,,,,,,,,,,,,,,,,,,,,,,,,,,,,,,,,,,,,,,,,,,,,,,,,,,,,,,,,,,,,,,,,,,,,,,,,,
,2020,Electrical Engineering,,,,,,,,,,,,,,,,,,,,,,,,,,,,,,,,,,,,,,,,,,,,,,,,,,,,,,,,,,,,,,,,,,,,,,,,,,,,,,,,,,,,,,,,,,,,,,,,,,,,,,,,,,,,,,,,,,,,,,,,,,,,,,,,,,,,,,,,,,,,,,,,,,,Ma 1a,,Ph 1a,,Ch 1b,,,"Ph 1c, Ph 2a",Ph 1b,Ph 1b,,,,,,,,,,,,,,,,,,,,,,,,,,,,
,2021,Physics/Astrophysics,,,,,,,,,,,,,,,,,,,,,,,,,,,,,,,,,,,,,,,,,,,,,,,,,,,,,,,,,,,,,,,"Ph 1b, Ph 12b",,,,,,,,,,,,,,,,,,,,,,,,,,,,,,,,,,,,,,,,,,,,,,,,,,,,,,,,,,,,,,,,,,,,,,,,,,,,,,,,,,,,,,,,,,,,,,,,,,,,,,,,,,,,,,,,,,,,,,,,,
,2018,Physics/Astrophysics,,,,,,,,,,,,,,,,,,,,,,,,,,,,,,,,,,,,,,,,,,,,,,,,,,,,,,,,,,,,,,,Ph 12a,"Ph 12a, Ph 12b",,Ph 125ab,Ph 2/12a,Ph 2/12b,Ph 2/12c,,,,,,,,,,,,,,,,,,,,,,,,,,,,,,,,,,,,,,,,,,,,,,,,,,,,,,,,,,,,,,,,,,,,,,,,,,,,,,,,,,,,,,,,,,,,,,,,,,,,,,,,,,,,,,,,,,,
,2018,Computer Science,,,,,,,,,,,,,,,,,,,,,,,,,,,,,,,,,,,,,,,,,,,,,,,,,,,,,,,,,,,,,,,,,,,,,,,,,,,,,,,,,,,,,,,,,,,,,,,,,,,,,,,,,,,,,,,,,,,,,,,,,,,,,,,,,,,,,,,,,,,,,,,,,,,,,,,,,,,,,,,,,,,,,,,,CS 1,"CS 1, CS 2, CS 38","CS 1, CS 2",Ma/CS 6a,"CS 1, CS 2","CS 1, CS 2, CS 21","Ma 3, CS 1","Ma 3, CS 1, CS 156a","Ma 1b, Ma 3, CS 1",,,,,,,,
,2018,Computer Science,,,,,,,,,,,,,,,,,,,,,,,,,,,,,,,,,,,,,,,,,,,,,,,,,,,,,,,,,,,,,,,,,,,,,,,,,,,,,,,,,,,,,,,,,,,,,,,,,,,,,,,,,,,,,,,,,,,,,,,,,,,,,,,,,,,,,,,,,,,,,,,,,,,,,,,,,,,,,,,,,,,,,,,,CS 1,"CS 1, CS 2, CS 11, CS 38","CS 1, CS 2",Ma/CS 6a,"CS 1, CS 2, CS 11","CS 1, CS 2, CS 21","Ma 3, CS 1","Ma 3, CS 1, CS 156a","Ma 1b, Ma 3, CS 1",,,,,,,,
,,,,,,,,,,,,,,,,,,,,,,,,,,,,,,,,,,,,,,,,,,,,,,,,,,,,,,,,,,,,,,,,,,,,,,,,,,,,,,,,,,,,,,,,,,,,,,,,,,,,,,,,,,,,,,,,,,,,,,,,,,,,,,,,,,,,,,,,,,,,,,,,,,,,,,,,,,,,,,,,,,,,,,,,,,,,,,,,,,,,,,,,,,
,2018,Biology,,,Bi 8,Bi 8,"Bi 8, Bi 9",,,,,,,,,,,,,,,,,,,,,,,,,,,,,,,,,,,,,,,,,,,,,,,,,,,,,,,,,,,,,,,,,,,,,,,,,,,,,,,,,,,,,,,,,,,,,,,,,,,,,,,,,,,,,,,,,,,,,,,,,,,,,,,,,,,,,,,,,,,,,,,,,,,,,,,,,,,,,,,,,,,,,,,,,,,,,,,,,,,
,2018,Computer Science,,,,,,,,,,,,,,,,,,,,,,,,,,,,,,,,,,,,,,,,,,,,,,,,,,,,,,,,,,,,,,,,,,,,,,,,,,,,,,,,,,,,,,,,,,,,,,,,,,,,,,,,,,,,,,,,,,,,,,,,,,,,,,,,,,,,,,,,,,,,,,,,,,,,,,,,,,,,,,,,,,,,,,,,,,CS 2,"Ma 1b, Ma 2",,CS 21,,,,,,,,,,,
,2020,Computer Science,,,,,,,,,,,,,,,,,,,,,,,,,,,,,,,,,,,,,,,,,,,,,,,,,,,,,,,,,,,,,,,,,,,,,,,,,,,,,,,,,,,,,,,,,,,,,,,,,,,,,,,,,,,,,,,,,,,,,,,,,,,,,,,,,,,,,,,,,,,,,,,,,,,,,,,,,,,,,,,,,,,,,,,,"CS 1, CS 11","CS 1, CS 2, CS 11",,,,,,,,,,,,,,,
,2019,Physics/Astrophysics,,,,,,,,,,,,,,,,,,,,,,,,,,,,,,,,,,,,,,,,,,,,,,,,,,,,,,,,,,Ma 2,,,,,Ph 5,"Ph 12b, Ph 6, Ph 125",,,Ph 2/12a,Ph 2/12b,,,,,,,,,,,,,,,,,,,,,,,,,,,,,,,,,,,,,,,,,,,,,,,,,,,,,,,,,,,,,,,,,,,,,,,,,,,,,,,,,,,,,,,,,,,,,,,,,,,,,,,,,,,,,,,,,,,,
,2020,Mechanical Engineering,,,,,,,,,,,,,,,,,,,,,,,,,,,,,,,,,,,,,,,,,,,,,,,,,,,,,,,,,,,,,,,,,,,,,,,,,,,,,,,,,,,,,,,,,,,,,,,,,,,,,,,,,,,,,,,,,,,,,,,,,,,,,,,,,,,,,,,,,,,"Ch 1b, ACM 95a, Ma 2",ACM 95a,,,Ma 2,,,,,,,,,,,,,,,,,,,,,,,,,,,,,,,,,,,,,,,,,
,2019,Chemical Engineering,,,,,,,,,,,,,,,,"Ph 1a, Ph 1b, Ph 1c",,,,,,,"Ch 1b, Ch 3a",,,,,,,,,,,,,,,,,,,,,,,,,,,,,,,,,,,,,,,,,,,,,,,,,,,,,,,,,,,,,,,,,,,,,,,,,,,,,,,,,,,,,,,,,,,,,,,,,,,,,,,,,,,,,,,,,,,,,,,,,,,,,,,,,,,,,,,,,,,,,,,,,,,,,,,,,,,,,,,,,
,2019,Chemistry,,,,,,,,,,,,,,,,,,Ph 2/12a,Ch 102,,,,,Ch 3a,Research,,,Research,,,,,,,,,,,,,,,,,,,,,,,,,,,,,,,,,,,,,,,,,,,,,,,,,,,,,,,,,,,,,,,,,,,,,,,,,,,,,,,,,,,,,,,,,,,,,,,,,,,,,,,,,,,,,,,,,,,,,,,,,,,,,,,,,,,,,,,,,,,,,,,,,,,,,,,,,,,,
,2021,Computer Science,,,,,,,,,,,,,,,,,,,,,,,,,,,,,,,,,,,,,,,,,,,,,,,,,,,,,,,,,,,,,,,,,,,,,,,,,,,,,,,,,,,,,,,,,,,,,,,,,,,,,,,,,,,,,,,,,,,,,,,,,,,,,,,,,,,,,,,,,,,,,,,,,,,,,,,,,,,,,,,,,,,,,,,,"CS 21, CS 24","CS 2, CS 11",,,,,,,,,,,,,,,
,2020,Physics/Astrophysics,,,,,,,,,,,,,,,,,,,,,,,,,,,,,,,,,,,,,,,,,,,,,,,,,,,,,,,"Ma 1b, Ph 1a",Ma 1b,"Ma 1b, Ph 1b, Ph 1c",,,,,,"Ph 1a, Ph 1b, Ma 3, Ph 12a",,,,,"Ma 1b, Ma 2, Ph 2/12a, Ph 2/12b","Ma 1b, Ph 2/12c",,"Ph 1a, CS 1",,,,,,,,,,,,,,,,,,,,,,,,,,,,,,,,,,,,,,,,,,,,,,,,,,,,,,,,,,,,,,,,,,,,,,,,,,,,,,,,,,,,,,,,,,,,,,,,,,,,,,,,,,,,,,,,,
,2020,GPS,,,,,,,,,,,,,,,,,,,,,,,,,,,,,,,,,,,,,,,,,,,,,,,,,,,,,,,,,,,,,,,,,,,,,,,,,,,,,,,,,,,,,,,,,,,,,,,,,,,,,,,,,,,,,,,,,,,,,,,,,,,Ma 1a,,,,,"Ma 1c, Ph 1a, Ph 1b, Ph 1c","Ma 1b, Ma 1c, Ph 1a, Ph 1b, Ph 1c",Ph 1c,,"Ma 1b, Ma 1c, Ph 1a, Ph 1b",,,,,,,,,,,,,,,,,,,,,,,,,,,,,,,,,,,,,,,,,,,,,,,,,,,,
,2019,Electrical Engineering,,,,,,,,,,,,,,,,,,,,,,,,,,,,,,,,,,,,,,,,,,,,,,,,,,,,,,,,,,,,,,,,,,,,,,,,,,,,,,,,,,,,,,,,,,,,,,,,,,,,,,,,,,,,,,,,,,,,,,,,,,,,,,,,,,,,,,,,,,,,,,,,,,,,Ma 1b,"Ph 1b, Ph 1c","Ph 1b, Ph 1c",,Ma 1c,,"Ma 1b, Ph 1b, Ph 1c","Ph 1b, Ph 1c",,,,,Ma 3,,,,Ma 1c,,,,,,,,,,,,,,,,,,,,
,2020,Computer Science,,,,,,,,,,,,,,,,,,,,,,,,,,,,,,,,,,,,,,,,,,,,,,,,,,,,,,,,,,,,,,,,,,,,,,,,,,,,,,,,,,,,,,,,,,,,,,,,,,,,,,,,,,,,,,,,,,,,,,,,,,,,,,,,,,,,,,,,,,,,,,,,,,,,,,,,,,,,,,,,,,,,,,,,CS 1,,CS 1,"Ma 2, CS 1, CS 2","CS 1, CS 2","Ma 2, CS 21",,CS 156A,,,,,,,,,
,2018,Electrical Engineering,,,,,,,,,,,,,,,,,,,,,,,,,,,,,,,,,,,,,,,,,,,,,,,,,,,,,,,,,,,,,,,,,,,,,,,,,,,,,,,,,,,,,,,,,,,,,,,,,,,,,,,,,,,,,,,,,,,,,,,,,,,,,,,,,,,,,,,,,,,,,,,,,,,,,"Ph 1a, Ma 2, EE 44",Ma 3,Ma 3,"Ma 3, EE 44",EE 40,"Ma 1b, Ph 1b, Ph 1c, Ma 2",Ph 1c,,CS 1,"Ma 2, EE 44",,Ma 3,"Ph 1b, Ph 1c",,,"Ma 2, EE 44",,,CS 1,,,,,,,,,,,,,,,,,
,2018,Computer Science,,,,,,,,,,,,,,,,,,,,,,,,,,,,,,,,,,,,,,,,,,,,,,,,,,,,,,,,,,,,,,,,,,,,,,,,,,,,,,,,,,,,,,,,,,,,,,,,,,,,,,,,,,,,,,,,,,,,,,,,,,,,,,,,,,,,,,,,,,,,,,,,,,,,,,,,,,,,,,,,,,,,,,,,"Ma 1c, CS 1, CS 11",CS 1,CS 1,"Ma 1a, Ma/CS 6a","CS 1, CS 2, CS 11 (C track)","Ma 1a, CS 1, CS 2, CS 21, Ma/CS 6a","Ma 1a, Ma 1c, Ma 3, CS 1, CS 2, CS 4, Ma/CS 6a",,,"CS 1, CS 4",,,,,,,
,2018,ACM,,,,,,,,,,,,,,,,,,,,,,,,,,,,,,,,,,,,,,,,,,,,,,,,,,,,,,,,,,,,,,,,,,,,,,,,,,,,,,,,,,,,,,,,,,,,,,,,,,,,,,,,,,,,,,,,,,,,,,,,,,,,,,,,,,,,,,,,,,,,,,,,,,,,,,,,,,,,,,,,,,,,,,,,,,,,,,,,,,,,,"Ma 1b, Ma 1c, Ma/CS 6abc, ACM 95ab",ACM 11,Ma 1b,Ma 3
,2019,GPS,,,,,,,,,,,,,,,,,,,,,,,,,,,,,,,,,,,,,,,,,,,,,,,,,,,,,,,,,,,,,,,,,,,,,,,,,,,,,,,,,,,,,,,,,,,,,,,,,,,,,,,,,,,,,,,,,,,,,,,,,,,,,,,,"Ph 1a, Ph 1b, Ph 1c","Ph 1a, Ph 1b, Ph 1c",Bi 1,Ph 1a,,,,,,,,,,,,,,,,,,,,,,,,,,,,,,,,,,,,,,,,,,,,,,,,,,,,,
,2020,Chemical Engineering,,,,,,,,,,,,,,"Ma 1a, Ma 1b, Ma 1c, Ph 1a",,"Ma 1b, Ma 1c, Ph 1a",,,,,,,"Ch 1a, Ch 1b, Ch 3a, Ph 1a, Ph 1b, Ph 1c",,,,,,,,,"Ma 1a, Ma 1b, Ma 1c, Ma 2",Ma 1a,"Ch 1a, Ch 1b, Ch 3a, Ph 1b, Ph 1c","Ma 1b, Ph 1a, Bi 1, CS 1","Ma 1a, Ma 1b, Ma 1c, Ma 2","Ma 1a, Ma 1b, Ma 1c, Ch 1b",,,,,,,,,,,,,,,,,,,,,,,,,,,,,,,,,,,,,,,,,,,,,,,,,,,,,,,,,,,,,,,,,,,,,,,,,,,,,,,,,,,,,,,,,,,,,,,,,,,,,,,,,,,,,,,,,,,,,,,,,,,,,,,,,,,,,,,,,,,,,,,,,,,
,2020,Computer Science,,,,,,,,,,,,,,,,,,,,,,,,,,,,,,,,,,,,,,,,,,,,,,,,,,,,,,,,,,,,,,,,,,,,,,,,,,,,,,,,,,,,,,,,,,,,,,,,,,,,,,,,,,,,,,,,,,,,,,,,,,,,,,,,,,,,,,,,,,,,,,,,,,,,,,,,,,,,,,,,,,,,,,,,CS 1,CS 1,"CS 1, CS 2",,"CS 1, CS 2",,,,,,,,,,,,
,2020,Computer Science,,,,,,,,,,,,,,,,,,,,,,,,,,,,,,,,,,,,,,,,,,,,,,,,,,,,,,,,,,,,,,,,,,,,,,,,,,,,,,,,,,,,,,,,,,,,,,,,,,,,,,,,,,,,,,,,,,,,,,,,,,,,,,,,,,,,,,,,,,,,,,,,,,,,,,,,,,,,,,,,,,,,,,,,CS 1,,,,"CS 1, CS 2",,,,,,,,,,,,
,2021,Computer Science,,,,,,,,,,,,,,,,,,,,,,,,,,,,,,,,,,,,,,,,,,,,,,,,,,,,,,,,,,,,,,,,,,,,,,,,,,,,,,,,,,,,,,,,,,,,,,,,,,,,,,,,,,,,,,,,,,,,,,,,,,,,,,,,,,,,,,,,,,,,,,,,,,,,,,,,,,,,,,,,,,,,,,,,,,,,"CS 1, CS 2",,,,,,,,,,,,
,2018,Computer Science,,,,,,,,,,,,,,,,,,,,,,,,,,,,,,,,,,,,,,,,,,,,,,,,,,,,,,,,,,,,,,,,,,,,,,,,,,,,,,,,,,,,,,,,,,,,,,,,,,,,,,,,,,,,,,,,,,,,,,,,,,,,,,,,,,,,,,,,,,,,,,,,,,,,,,,,,,,,,,,,,,,,,,,,"CS 11, CS 24, CS 38",,"CS 1, CS 24, CS 38","Ma 1a, Ma 1b",CS 1,CS 21,"Ma 1a, Ma 1b, Ma 1c, Ma 2, Ma 3, CS 24, CS 38, CS 155","Ma 1a, Ma 1b, Ma 1c, Ma 2, Ma 3, CS 24, CS 38","Ma 1a, Ma 1b, Ma 1c, Ma 2, Ma 3, Ph 1, Ph 2abc, CS 1, CS 24, CS 38",,,,,,,,
,2021,Electrical Engineering,,,,,,,,,,,,,,,,,,,,,,,,,,,,,,,,,,,,,,,,,,,,,,,,,,,,,,,,,,,,,,,,,,,,,,,,,,,,,,,,,,,,,,,,,,,,,,,,,,,,,,,,,,,,,,,,,,,,,,,,,,,,,,,,,,,,,,,,,,,,,,,,,,,,,,,,,,,,,,,,,,,,,,,,,,,,,,,,,,,,,,,,
,2019,Computer Science,,,,,,,,,,,,,,,,,,,,,,,,,,,,,,,,,,,,,,,,,,,,,,,,,,,,,,,,,,,,,,,,,,,,,,,,,,,,,,,,,,,,,,,,,,,,,,,,,,,,,,,,,,,,,,,,,,,,,,,,,,,,,,,,,,,,,,,,,,,,,,,,,,,,,,,,,,,,,,,,,,,,,,,,"CS 1, CS 11","CS 1, CS 11",CS 1,,CS 2,CS 21,CS 1,"CS 1, CS 156a",,CS 1,,,,,,,
,2019,Computer Science,,,,,,,,,,,,,,,,,,,,,,,,,,,,,,,,,,,,,,,,,,,,,,,,,,,,,,,,,,,,,,,,,,,,,,,,,,,,,,,,,,,,,,,,,,,,,,,,,,,,,,,,,,,,,,,,,,,,,,,,,,,,,,,,,,,,,,,,,,,,,,,,,,,,,,,,,,,,,,,,,,,,,,,,"CS 1, Ma/CS 6a","CS 1, CS 2","CS 1, CS 2","CS 1, Ma/CS 6","CS 1, CS 2","CS 1, CS 2, CS 4, CS 24, Ma/CS 6",CS 1,,"CS 1, CS 2, Ma/CS 6",,,,,,,,
,2019,Computer Science,,,,,,,,,,,,,,,,,,,,,,,,,,,,,,,,,,,,,,,,,,,,,,,,,,,,,,,,,,,,,,,,,,,,,,,,,,,,,,,,,,,,,,,,,,,,,,,,,,,,,,,,,,,,,,,,,,,,,,,,,,,,,,,,,,,,,,,,,,,,,,,,,,,,,,,,,,,,,,,,,,,,,,,,CS 1,CS 1,"CS 1, CS 2","Ma 1a, Ma/CS 6a","CS 1, CS 2","Ma/CS 6a, CS 21",CS 1,"CS 1, CS 156a","CS 38, Ma/CS 6a",CS 1,,,,,,,
,2021,Bioengineering,"Ch 1a, Ch 1b, Ma 1a, Ma 1b, Ma 1c, Ph 1a, Ph 1bc, Ch 3a, Bi 8",,,,,,,,,,,,,,,,,,,,,,,,,,,,,,,,,,,,,,,,,,,,,,,,,,,,,,,,,,,,,,,,,,,,,,,,,,,,,,,,,,,,,,,,,,,,,,,,,,,,,,,,,,,,,,,,,,,,,,,,,,,,,,,,,,,,,,,,,,,,,,,,,,,,,,,,,,,,,,,,,,,,,,,,,,,,,,,,,,,,,,,
,2018,Computer Science,,,,,,,,,,,,,,,,,,,,,,,,,,,,,,,,,,,,,,,,,,,,,,,,,,,,,,,,,,,,,,,,,,,,,,,,,,,,,,,,,,,,,,,,,,,,,,,,,,,,,,,,,,,,,,,,,,,,,,,,,,,,,,,,,,,,,,,,,,,,,,,,,,,,,,,,,,,,,,,,,,,,,,,,CS 1,CS 1,CS 1,CS 1,"CS 1, CS 2, CS 11 (C track), CS 11 (C++ track)","CS 1, CS 2, CS 21",,,,CS 1,,,,,,,
,2018,Math,,,,,,,,,,,,,,,,,,,,,,,,,,,,,,,,,,,,,,,,,,Ma 1a,,Ma 1a,"Ma 1a, Ma 1c","Ma 1a, Ma 1c, Ph 1bc, Ma 5abc","Ma 1a, Ma 5abc",Ma 5abc,"Ma 1a, Ma 5abc",,,,,,,,,,,,,,,,,,,,,,,,,,,,,,,,,,,,,,,,,,,,,,,,,,,,,,,,,,,,,,,,,,,,,,,,,,,,,,,,,,,,,,,,,,,,,,,,,,,,,,,,,,,,,,,,,,,,,,,,,,,,,,,,,,,,,,,
,2021,Bioengineering,"Ch 1a, Ch 1b, Bi 8",,,,"Ch 1b, Ph 1bc, Bi 8, Bi 9",,,,,,,,,,,,,,,,,,,,,,,,,,,,,,,,,,,,,,,,,,,,,,,,,,,,,,,,,,,,,,,,,,,,,,,,,,,,,,,,,,,,,,,,,,,,,,,,,,,,,,,,,,,,,,,,,,,,,,,,,,,,,,,,,,,,,,,,,,,,,,,,,,,,,,,,,,,,,,,,,,,,,,,,,,,,,,,,,,,
,2020,Computer Science,,,,,,,,,,,,,,,,,,,,,,,,,,,,,,,,,,,,,,,,,,,,,,,,,,,,,,,,,,,,,,,,,,,,,,,,,,,,,,,,,,,,,,,,,,,,,,,,,,,,,,,,,,,,,,,,,,,,,,,,,,,,,,,,,,,,,,,,,,,,,,,,,,,,,,,,,,,,,,,,,,,,,,,,"CS 1, CS 11","CS 1, CS 2",CS 1,"Ma 1a, Ma 1b, Ma 1c, Ma 2, CS 2","CS 1, CS 2",,,,,,,,,,,,
,2020,Math,,,,,,,,,,,,,,,,,,,,,,,,,,,,,,,,,,,,,,,,,,,,,Ma 1a,,,,,,,,,,,,,,,,,,,,,,,,,,,,,,,,,,,,,,,,,,,,,,,,,,,,,,,,,,,,,,,,,,,,,,,,,,,,,,,,,,,,,,,,,,,,,,,,,,,,,,,,,,,,,,,,,,,,,,,,,,,,,,,,,,,,,,,,,,,
,2021,Math,,,,,,,,,,,,,,,,,,,,,,,,,,,,,,,,,,,,,,,,,,"Ma 1a, Ma 1b",,,,,,,,,,,,,,,,,,,,,,,,,,,,,,,,,,,,,,,,,,,,,,,,,,,,,,,,,,,,,,,,,,,,,,,,,,,,,,,,,,,,,,,,,,,,,,,,,,,,,,,,,,,,,,,,,,,,,,,,,,,,,,,,,,,,,,,,,,,,,,
,2018,Computer Science,,,,,,,,,,,,,,,,,,,,,,,,,,,,,,,,,,,,,,,,,,,,,,,,,,,,,,,,,,,,,,,,,,,,,,,,,,,,,,,,,,,,,,,,,,,,,,,,,,,,,,,,,,,,,,,,,,,,,,,,,,,,,,,,,,,,,,,,,,,,,,,,,,,,,,,,,,,,,,,,,,,,,,,,,,,,CS 11,Ma/CS 6,,,,,,,,,,,
,2020,Physics/Astrophysics,,,,,,,,,,,,,,,,,,,,,,,,,,,,,,,,,,,,,,,,,,,,,,,,,,,,,,Ph 12b,Ma 2,ACM 95a,,Ma 2,,,,,,,,,,,,,,,,,,,,,,,,,,,,,,,,,,,,,,,,,,,,,,,,,,,,,,,,,,,,,,,,,,,,,,,,,,,,,,,,,,,,,,,,,,,,,,,,,,,,,,,,,,,,,,,,,,,,,,,,,,,,,,
,2019,Physics/Astrophysics,,,,,,,,,,,,,,,,,,,,,,,,,,,,,,,,,,,,,,,,,,,,,,,,,,,,,"Ma 1b, Ma 1c, Ph 1c","Ma 1b, Ma 1c, Ph 1c","Ma 1b, Ma 1c","Ma 1b, Ma 1c, Ph 1b","Ma 1b, Ma 1c","Ma 1a, Ma 1b, Ma 1c",,,,,"Ph 12a, Ph 12b","Ph 12a, Ph 12b",,,"Ma 1b, Ma 1c",Ph 2/12b,Ph 2/12c,,Bi 1x,Ma 1b,,,,,,,,,,,,,,,,,,,,,,,,,,,,,,,,,,,,,,,,,,,,,,,,,,,,,,,,,,,,,,,,,,,,,,,,,,,,,,,,,,,,,,,,,,,,,,,,,,,,,,,,,,,,,,,,
,2021,Computer Science,,,,,,,,,,,,,,,,,,,,,,,,,,,,,,,,,,,,,,,,,,,,,,,,,,,,,,,,,,,,,,,,,,,,,,,,,,,,,,,,,,,,,,,,,,,,,,,,,,,,,,,,,,,,,,,,,,,,,,,,,,,,,,,,,,,,,,,,,,,,,,,,,,,,,,,,,,,,,,,,,,,,,,,,CS 11,,,,"CS 2, CS 11",,,,,,,,,,,,
,2021,Computer Science,,,,,,,,,,,,,,,,,,,,,,,,,,,,,,,,,,,,,,,,,,,,,,,,,,,,,,,,,,,,,,,,,,,,,,,,,,,,,,,,,,,,,,,,,,,,,,,,,,,,,,,,,,,,,,,,,,,,,,,,,,,,,,,,,,,,,,,,,,,,,,,,,,,,,,,,,,,,,,,,,,,,,,,,,,,,,,,,,,,,,,,,
,2020,Computer Science,,,,,,,,,,,,,,,,,,,,,,,,,,,,,,,,,,,,,,,,,,,,,,,,,,,,,,,,,,,,,,,,,,,,,,,,,,,,,,,,,,,,,,,,,,,,,,,,,,,,,,,,,,,,,,,,,,,,,,,,,,,,,,,,,,,,,,,,,,,,,,,,,,,,,,,,,,,,,,,,,,,,,,,,"CS 1, CS 11","CS 1, CS 2, CS 11, CS 24",CS 1,CS 4,"CS 1, CS 2","CS 4, CS 21",,,,"CS 1, CS 2, CS 24",,,,,,,
,2019,Applied Physics,,,,,,,,,,,,,,,,,,,,,,,,,,,,,,,,,,,,,,,,,,,,,,,,,,,,,,,,,,,,,,,,,,,,,,,,,,,,,,"Ma 1a, Ma 1b, Ma 1c, Ph 1a, Ph 1b, Ph 1c, CS 1","Ma 1a, Ma 1b, Ma 1c, Ph 1a, Ph 1b, Ph 1c, CS 1","Ma 1a, Ma 1b, Ma 1c, Ph 1a, Ph 1b, Ph 1c, CS 1","Ma 1a, Ma 1b, Ma 1c, Ph 1b, Ph 1c, CS 1",,,,,,,,,,,,,,,"Ph 1a, Ph 1b, Ph 1c","Ma 1a, Ma 1c, Ph 1b, Ph 1c",,,,,,,,,,,,,,,,,,,,,,,,,,,,,,,,,,,,,,,,,,,,,,,,,,,,,,,,,,,,,,,,,,,,,,,,,,,,,,,,,,,,,,,
,2021,Computer Science,,,,,,,,,,,,,,,,,,,,,,,,,,,,,,,,,,,,,,,,,,,,,,,,,,,,,,,,,,,,,,,,,,,,,,,,,,,,,,,,,,,,,,,,,,,,,,,,,,,,,,,,,,,,,,,,,,,,,,,,,,,,,,,,,,,,,,,,,,,,,,,,,,,,,,,,,,,,,,,,,,,,,,,,CS 1,,,,,,,,,,,,,,,,
,2019,Computer Science,,,,,,,,,,,,,,,,,,,,,,,,,,,,,,,,,,,,,,,,,,,,,,,,,,,,,,,,,,,,,,,,,,,,,,,,,,,,,,,,,,,,,,,,,,,,,,,,,,,,,,,,,,,,,,,,,,,,,,,,,,,,,,,,,,,,,,,,,,,,,,,,,,,,,,,,,,,,,,,,,,,,,,,,,,,"Ma 1a, Ma 1b, Ma 1c, Ma/CS 6a",CS 2,"Ma 1a, Ma 1b, Ma 1c, CS 21, Ma/CS 6a",,,,,,,,,,,
,2018,Physics/Astrophysics,,,,,,,,,,,,,,,,,,,,,,,,,,,,,,,,,,,,,,,,,,,,,,,,,,,,,Ma 1b,,,,,Ma 2,,,,,,Ph 6,,Ph 3,"Ph 2/12a, Ph 2/12b, Ph 2/12c",Ph 2/12b,,,,,,,,,,,,,,,,,,,,,,,,,,,,,,,,,,,,,,,,,,,,,,,,,,,,,,,,,,,,,,,,,,,,,,,,,,,,,,,,,,,,,,,,,,,,,,,,,,,,,,,,,,,,,,,,,,,,
,2019,Computer Science,,,,,,,,,,,,,,,,,,,,,,,,,,,,,,,,,,,,,,,,,,,,,,,,,,,,,,,,,,,,,,,,,,,,,,,,,,,,,,,,,,,,,,,,,,,,,,,,,,,,,,,,,,,,,,,,,,,,,,,,,,,,,,,,,,,,,,,,,,,,,,,,,,,,,,,,,,,,,,,,,,,,,,,,AP CS,,,Ma/CS 6a,,"CS 21, Ma/CS 6a",,CS 156a,,,,,,,,,
,2019,Chemical Engineering,,,,,,,,,,,,,,,,"Ma 1a, Ma 1b, Ma 1c, Ph 1a, Ph 1b, Ph 1c",,"Ma 1a, Ma 1b, Ma 1c, Ch 1a, Ch 1b, Ph 1a, Ph 1b, Ph 1c, Ma 2, ACM 95ab",,,,,,,,,,,"Ch 1a, Ch 1b, Ch 3a",,,Ma 2,,Ch 3a,,,,,,,,,,,,,,,,,,,,,,,,,,,,,,,,,,,,,,,,,,,,,,,,,,,,,,,,,,,,,,,,,,,,,,,,,,,,,,,,,,,,,,,,,,,,,,,,,,,,,,,,,,,,,,,,,,,,,,,,,,,,,,,,,,,,,,,,,,,,,,,,,,,,,,
,2021,ACM,,,,,,,,,,,,,,,,,,,,,,,,,,,,,,,,,,,,,,,,,,,,,,,,,,,,,,,,,,,,,,,,,,,,,,,,,,,,,,,,,,,,,,,,,,,,,,,,,,,,,,,,,,,,,,,,,,,,,,,,,,,,,,,,,,,,,,,,,,,,,,,,,,,,,,,,,,,,,,,,,,,,,,,,,,,,,,,,,,,,,,,,
,2019,Physics/Astrophysics,,,,,,,,,,,,,,,,,,,,,,,,,,,,,,,,,,,,,,,,,,,,,,,,,,,,,"Ma 1b, Ma 1c, Ph 1a, Ph 1b, Ph 1c",,"Ma 1b, Ph 1a, Ph 1b, Ph 1c","Ma 1b, Ph 1a, Ph 1b, Ph 1c","Ph 1a, Ph 1b, Ph 1c","Ma 1b, Ma 1c, Ph 1b, Ph 1c","Ph 1a, Ph 1b, Ph 1c",,,,"Ph 1a, Ph 1b, Ph 1c","Ph 1a, Ph 1b, Ph 1c",,,"Ma 1a, Ma 1b, Ma 1c, Ph 1a, Ph 1b, Ph 1c, Ma 2, Ph 2/12a, Ph 2/12b","Ma 1a, Ma 1b, Ma 1c, Ph 1a, Ph 1b, Ph 1c, Ma 2, Ma 3, Ph 2/12a, Ph 2/12b, Ph 2/12c","Ma 1a, Ma 1b, Ma 1c, Ph 1a, Ph 1b, Ph 1c, Ph 2/12c, Ph 12b",,,,,,,,,,,,,,,,,,,,,,,,,,,,,,,,,,,,,,,,,,,,,,,,,,,,,,,,,,,,,,,,,,,,,,,,,,,,,,,,,,,,,,,,,,,,,,,,,,,,,,,,,,,,,,,,,,,
,2020,Computer Science,,,,,,,,,,,,,,,,,,,,,,,,,,,,,,,,,,,,,,,,,,,,,,,,,,,,,,,,,,,,,,,,,,,,,,,,,,,,,,,,,,,,,,,,,,,,,,,,,,,,,,,,,,,,,,,,,,,,,,,,,,,,,,,,,,,,,,,,,,,,,,,,,,,,,,,,,,,,,,,,,,,,,,,,"CS 1, CS 11","CS 1, CS 2, CS 11",CS 1,"Ma 1a, CS 1, CS 2, Ma/CS 6a","CS 1, CS 2, EE 5","Ma 1a, CS 1, CS 2, CS 21, Ma/CS 6a",,,,,,,,,,,
,2018,Mechanical Engineering,,,,,,,,,,,,,,,,,,,,,,,,,,,,,,,,,,,,,,,,,,,,,,,,,,,,,,,,,,,,,,,,,,,,,,,,,,,,,,,,,,,,,,,,,,,,,,,,,,,,,,,,,,,,,,,,,,,,,,,,,,,,,,,,,,,,,,,,,,,,,,,Ma 1c,"Ch 3x, Bi 1x",,Bi 1x,,,,,,,,,,,,,,,,,,,,,,,,,,,,,,,,,,,,,,
,2020,Computer Science,,,,,,,,,,,,,,,,,,,,,,,,,,,,,,,,,,,,,,,,,,,,,,,,,,,,,,,,,,,,,,,,,,,,,,,,,,,,,,,,,,,,,,,,,,,,,,,,,,,,,,,,,,,,,,,,,,,,,,,,,,,,,,,,,,,,,,,,,,,,,,,,,,,,,,,,,,,,,,,,,,,,,,,,"CS 1, CS 11","Ma 1a, Ma 1b, Ma 1c, CS 1, CS 2",CS 1,"CS 1, CS 2, Ma/CS 6a","CS 1, CS 2, EE 5",,,,,,,,,,,,
,2019,Biology,Bi 8,Bi 8,Bi 8,Bi 8,,Ch 1b,,,,,,,,,,,,,,,,,,,,,,,,,,,,,,,,,,,,,,,,,,,,,,,,,,,,,,,,,,,,,,,,,,,,,,,,,,,,,,,,,,,,,,,,,,,,,,,,,,,,,,,,,,,,,,,,,,,,,,,,,,,,,,,,,,,,,,,,,,,,,,,,,,,,,,,,,,,,,,,,,,,,,,,,,,,,,,,,,,
,2018,Physics/Astrophysics,,,,,,,,,,,,,,,,,,,,,,,,,,,,,,,,,,,,,,,,,,,,,,,,,,,,,,,"Ma 1b, Ma 1c","Ma 1b, Ma 1c",Ma 1c,Ma 1c,,Ph 8bc,,,"Ph 1b, Ph 1c, Ph 12b","Ph 1b, Ph 1c, Ph 12b",,"Ph 5, Ph 6, Ph 7, Ph 125abc","Ma 1c, Ph 1b, Ph 1c, Ma 2","Ma 1b, Ma 1c, Ma 2, Ph 2/12b","Ma 1c, Ph 2/12c",CS 1,Ph 20,,,,,,,,,,,,,,,,,,,,,,,,,,,,,,,,,,,,,,,,,,,,,,,,,,,,,,,,,,,,,,,,,,,,,,,,,,,,,,,,,,,,,,,,,,,,,,,,,,,,,,,,,,,,,,,,,
,2018,Mechanical Engineering,,,,,,,,,,,,,,,,,,,,,,,,,,,,,,,,,,,,,,,,,,,,,,,,,,,,,,,,,,,,,,,,,,,,,,,,,,,,,,,,,,,,,,,,,,,,,,,,,,,,,,,,,,,,,,,,,,,,,,,,,,,,,,,,,,,,,,,,,,,"Ph 1b, Ph 1c","Ph 1a, Ph 1b, Ph 1c",,,Ma 1a,CS 1,,"Ph 1a, Ph 1b, Ph 1c, CS 1, CS 2",,,,,,,,,,,,,,,,,,,,,,,,,,,,,,,,,,,,,,
,2019,Mechanical Engineering,,,,,,,,,,,,,,,,,,,,,,,,,,,,,,,,,,,,,,,,,,,,,,,,,,,,,,,,,,,,,,,,,,,,,,,,,,,,,,,,,,,,,,,,,,,,,,,,,,,,,,,,,,,,,,,,,,,,,,,,,,,,,,,,,,,,,,,,,,,,,,,,,,,,,,,,,,,,,,,,,,,,,,,,,,,,,,,,,,,,,,,,
,2020,Biology,"Ch 1a, Ch 1b, Bi 8",,"Ch 1a, Ch 1b, Ph 1a, Ph 1bc, Bi 8, Bi 9, Ma 3","Ch 1a, Ch 1b, Bi 8, Bi 9, Ma 3","Ch 1a, Ch 1b, Ma 1a, Ma 1b, Ma 1c, Ph 1a, Ph 1bc, Ch 3a, Bi 8, Bi 9, Ma 2, Ma 3","Ch 1a, Ch 1b, Ma 1a, Ch 3a, Bi 8, Bi 9","Ma 1a, Ma 1b, Ma 1c, Ph 1a, Ph 1b, Ph 1c","Ma 1a, Ma 1b, Ma 1c, Ma 2",,,,,,,,,,,,,,,,,,,,,,,,,,,,,,,,,,,,,,,,,,,,,,,,,,,,,,,,,,,,,,,,,,,,,,,,,,,,,,,,,,,,,,,,,,,,,,,,,,,,,,,,,,,,,,,,,,,,,,,,,,,,,,,,,,,,,,,,,,,,,,,,,,,,,,,,,,,,,,,,,,,,,,,,,,,,,,,,
,2021,Biology,"Ch 1a, Ch 1b, Bi 8",,,,,,,,,,,,,,,,,,,,,,,,,,,,,,,,,,,,,,,,,,,,,,,,,,,,,,,,,,,,,,,,,,,,,,,,,,,,,,,,,,,,,,,,,,,,,,,,,,,,,,,,,,,,,,,,,,,,,,,,,,,,,,,,,,,,,,,,,,,,,,,,,,,,,,,,,,,,,,,,,,,,,,,,,,,,,,,,,,,,,,,
,2019,ACM,,,,,,,,,,,,,,,,,,,,,,,,,,,,,,,,,,,,,,,,,,,,,,,,,,,,,,,,,,,,,,,,,,,,,,,,,,,,,,,,,,,,,,,,,,,,,,,,,,,,,,,,,,,,,,,,,,,,,,,,,,,,,,,,,,,,,,,,,,,,,,,,,,,,,,,,,,,,,,,,,,,,,,,,,,,,,,,,,,,,,Ma 1a,"Ma 1b, Ma 2","Ma 1b, ACM 11","ACM 11, Ma 3"
,2020,Biology,"Ph 1a, Bi 8","Bi 8, Bi 9","Ch 1b, Bi 8, Bi 9","Bi 8, Bi 9, Ma 2","Ph 1bc, Ch 3a, Bi 8, Bi 9, Ma 2","Ch 1a, Ch 1b","Ma 1a, Ma 1b, Ma 1c","Ma 1a, Ma 1b, Ma 1c",,,,,,,,,,,,,,,,,,,,,,,,,,,,,,,,,,,,,,,,,,,,,,,,,,,,,,,,,,,,,,,,,,,,,,,,,,,,,,,,,,,,,,,,,,,,,,,,,,,,,,,,,,,,,,,,,,,,,,,,,,,,,,,,,,,,,,,,,,,,,,,,,,,,,,,,,,,,,,,,,,,,,,,,,,,,,,,,
,2018,Chemical Engineering,,,,,,,,,,,,,,"Ma 1b, Ma 1c",,"Ma 1b, Ma 1c",,"Ma 1b, Ma 2","Ma 1b, Ma 1c, Ma 2",,,"Ma 1b, Ma 1c, Ch 1a, Ch 1b, Bi 8, Bi 9, Ma 2","Ch 1a, Ch 1b, Ch 3a",,,,,,,"Bi 8, Bi 9",,"Ma 1a, Ma 1b, Ma 1c, Ma 2","Ma 1b, Ma 1c",Ch 3a,"Ma 1b, Ma 1c, Ma 2","Ma 1b, Ma 1c, Ma 2","Ma 1b, Ma 1c","Ma 1b, Ma 1c, Ma 2","Ma 1b, Ma 1c, Ma 2, ACM 95ab","Ma 1b, Ma 1c, Ma 2, ACM 95ab",,,,,,,,,,,,,,,,,,,,,,,,,,,,,,,,,,,,,,,,,,,,,,,,,,,,,,,,,,,,,,,,,,,,,,,,,,,,,,,,,,,,,,,,,,,,,,,,,,,,,,,,,,,,,,,,,,,,,,,,,,,,,,,,,,,,,,,,,,,,,,,,
,2020,Mechanical Engineering,,,,,,,,,,,,,,,,,,,,,,,,,,,,,,,,,,,,,,,,,,,,,,,,,,,,,,,,,,,,,,,,,,,,,,,,,,,,,,,,,,,,,,,,,,,,,,,,,,,,,,,,,,,,,,,,,,,,,,,,,,,,,,,,,,,,,,,,,,,"Ma 1a, Ma 1b, Ma 1c, Ch 1a, Ch 1b, Ch 3a, Ph 1a, Ph 1b, Ph 1c, Bi 1, CS 1","Ma 1a, Ma 1b, Ma 1c, Ch 1a, Ch 1b, Ch 3a",,,,,,,,,,,,,,,,,,,,,,,,,,,,,,,,,,,,,,,,,,,,
,2021,Mechanical Engineering,,,,,,,,,,,,,,,,,,,,,,,,,,,,,,,,,,,,,,,,,,,,,,,,,,,,,,,,,,,,,,,,,,,,,,,,,,,,,,,,,,,,,,,,,,,,,,,,,,,,,,,,,,,,,,,,,,,,,,,,,,,,,,,,,,,,,,,,,,,,,,,,,,,,,,,,,,,,,,,,,,,,,,,,,,,,,,,,,,,,,,,,
,2019,Physics/Astrophysics,,,,,,,,,,,,,,,,,,,,,,,,,,,,,,,,,,,,,,,,,,,,,,,,,,,,,,,"Ma 1b, Ma 1c",,,,,,,,"Ma 1c, Ma 2, Ph 12a","Ma 1c, Ph 1b, Ph 1c, Ma 2, Ph 12a, Ph 12b",,,"Ma 1b, Ma 1c, Ph 1b, Ph 1c, Ma 2, Ph 2/12a, Ph 2/12c",Ma 1b,Ph 2/12c,,,,,,,,,,,,,,,,,,,,,,,,,,,,,,,,,,,,,,,,,,,,,,,,,,,,,,,,,,,,,,,,,,,,,,,,,,,,,,,,,,,,,,,,,,,,,,,,,,,,,,,,,,,,,,,,,,,
,2019,Computer Science,,,,,,,,,,,,,,,,,,,,,,,,,,,,,,,,,,,,,,,,,,,,,,,,,,,,,,,,,,,,,,,,,,,,,,,,,,,,,,,,,,,,,,,,,,,,,,,,,,,,,,,,,,,,,,,,,,,,,,,,,,,,,,,,,,,,,,,,,,,,,,,,,,,,,,,,,,,,,,,,,,,,,,,,CS 1,CS 1,CS 1,Ma 1a,"CS 1, CS 2",CS 1,"Ma 2, CS 1","Ma 2, CS 1, CS 2","Ma 2, CS 1, CS 2",,,,,,,,
,2018,Computer Science,,,,,,,,,,,,,,,,,,,,,,,,,,,,,,,,,,,,,,,,,,,,,,,,,,,,,,,,,,,,,,,,,,,,,,,,,,,,,,,,,,,,,,,,,,,,,,,,,,,,,,,,,,,,,,,,,,,,,,,,,,,,,,,,,,,,,,,,,,,,,,,,,,,,,,,,,,,,,,,,,,,,,,,,CS 11,,"CS 2, CS 24",,"CS 2, CS 11 (C track)",Ma/CS 6a,,,"Ma 3, CS 2",,,,,,,,
,2018,Computer Science,,,,,,,,,,,,,,,,,,,,,,,,,,,,,,,,,,,,,,,,,,,,,,,,,,,,,,,,,,,,,,,,,,,,,,,,,,,,,,,,,,,,,,,,,,,,,,,,,,,,,,,,,,,,,,,,,,,,,,,,,,,,,,,,,,,,,,,,,,,,,,,,,,,,,,,,,,,,,,,,,,,,,,,,,,,,,,,CS 156a,,,,,,,,,
,2020,Computer Science,,,,,,,,,,,,,,,,,,,,,,,,,,,,,,,,,,,,,,,,,,,,,,,,,,,,,,,,,,,,,,,,,,,,,,,,,,,,,,,,,,,,,,,,,,,,,,,,,,,,,,,,,,,,,,,,,,,,,,,,,,,,,,,,,,,,,,,,,,,,,,,,,,,,,,,,,,,,,,,,,,,,,,,,CS 1,"CS 1, CS 2, CS 11, CS 38","CS 1, CS 2","Ma 1a, Ma/CS 6",,"Ma/CS 6, CS 21","CS 1, CS 2","CS 1, CS 2, CS 156a",,,,,,,,,
,2021,Computer Science,,,,,,,,,,,,,,,,,,,,,,,,,,,,,,,,,,,,,,,,,,,,,,,,,,,,,,,,,,,,,,,,,,,,,,,,,,,,,,,,,,,,,,,,,,,,,,,,,,,,,,,,,,,,,,,,,,,,,,,,,,,,,,,,,,,,,,,,,,,,,,,,,,,,,,,,,,,,,,,,,,,,,,,,,,,,CS 11,,,,,,,,,,,,
,2019,Computer Science,,,,,,,,,,,,,,,,,,,,,,,,,,,,,,,,,,,,,,,,,,,,,,,,,,,,,,,,,,,,,,,,,,,,,,,,,,,,,,,,,,,,,,,,,,,,,,,,,,,,,,,,,,,,,,,,,,,,,,,,,,,,,,,,,,,,,,,,,,,,,,,,,,,,,,,,,,,,,,,,,,,,,,,,,,,,,,,,,,,,,,,,
,2018,Biology,,,,,,,,,,,,,,,,,,,,,,,,,,,,,,,,,,,,,,,,,,,,,,,,,,,,,,,,,,,,,,,,,,,,,,,,,,,,,,,,,,,,,,,,,,,,,,,,,,,,,,,,,,,,,,,,,,,,,,,,,,,,,,,,,,,,,,,,,,,,,,,,,,,,,,,,,,,,,,,,,,,,,,,,,,,,,,,,,,,,,,,,
,2021,Computer Science,,,,,,,,,,,,,,,,,,,,,,,,,,,,,,,,,,,,,,,,,,,,,,,,,,,,,,,,,,,,,,,,,,,,,,,,,,,,,,,,,,,,,,,,,,,,,,,,,,,,,,,,,,,,,,,,,,,,,,,,,,,,,,,,,,,,,,,,,,,,,,,,,,,,,,,,,,,,,,,,,,,,,,,,CS 1,,,,"CS 1, CS 2",,,,,,,,,,,,
,2020,Chemistry,,,,,,,,,,,,,,,,,,,,,,,,Ch3x,,,,,,,,,,,,,,,,,,,,,,,,,,,,,,,,,,,,,,,,,,,,,,,,,,,,,,,,,,,,,,,,,,,,,,,,,,,,,,,,,,,,,,,,,,,,,,,,,,,,,,,,,,,,,,,,,,,,,,,,,,,,,,,,,,,,,,,,,,,,,,,,,,,,,,,,,,,,,,,,
,2021,Computer Science,,,,,,,,,,,,,,,,,,,,,,,,,,,,,,,,,,,,,,,,,,,,,,,,,,,,,,,,,,,,,,,,,,,,,,,,,,,,,,,,,,,,,,,,,,,,,,,,,,,,,,,,,,,,,,,,,,,,,,,,,,,,,,,,,,,,,,,,,,,,,,,,,,,,,,,,,,,,,,,,,,,,,,,,"CS 1, CS 11",,CS 1,,"CS 1, CS 2",,,,,,,,,,,,
,2021,Chemical Engineering,,,,,,,,,,,,,,,,,,,,,,,,,,,,"Ch 1a, Ch 1b, Ch 3a",,,,,,,,,"Ma 1a, Ma 1c, Ch 1a, Ch 1b, Ph 1b",,,,,,,,,,,,,,,,,,,,,,,,,,,,,,,,,,,,,,,,,,,,,,,,,,,,,,,,,,,,,,,,,,,,,,,,,,,,,,,,,,,,,,,,,,,,,,,,,,,,,,,,,,,,,,,,,,,,,,,,,,,,,,,,,,,,,,,,,,,,,,,,,,,
,2020,Biology,Bi 8,,"Bi 8, Bi 9, Bi 145","Bi 8, Bi 9","Ph 1bc, Bi 8, Bi 145","Ch 1a, Ch 1b","Ma 1b, Ma 1c","Ma 1b, Ma 1c",,,,,,,,,,,,,,,,,,,,,,,,,,,,,,,,,,,,,,,,,,,,,,,,,,,,,,,,,,,,,,,,,,,,,,,,,,,,,,,,,,,,,,,,,,,,,,,,,,,,,,,,,,,,,,,,,,,,,,,,,,,,,,,,,,,,,,,,,,,,,,,,,,,,,,,,,,,,,,,,,,,,,,,,,,,,,,,,
,2019,Math,,,,,,,,,,,,,,,,,,,,,,,,,,,,,,,,,,,,,,,,,,,,Ma 108,,"Ma 1a, Ma 1b, Ma 1c, Ma 2",Ma 5abc,Ma 5abc,,,,,,,,,,,,,,,,,,,,,,,,,,,,,,,,,,,,,,,,,,,,,,,,,,,,,,,,,,,,,,,,,,,,,,,,,,,,,,,,,,,,,,,,,,,,,,,,,,,,,,,,,,,,,,,,,,,,,,,,,,,,,,,,,,,,,,,,
,2020,Computer Science,,,,,,,,,,,,,,,,,,,,,,,,,,,,,,,,,,,,,,,,,,,,,,,,,,,,,,,,,,,,,,,,,,,,,,,,,,,,,,,,,,,,,,,,,,,,,,,,,,,,,,,,,,,,,,,,,,,,,,,,,,,,,,,,,,,,,,,,,,,,,,,,,,,,,,,,,,,,,,,,,,,,,,,,CS 1,CS 2,"CS 1, CS 2","Ma 1a, CS 2",,CS 21,,CS 156a,,,,,,,,,
,2019,Biology,,,Bi 8,,,Ch 1b,,,,,,,,,,,,,,,,,,,,,,,,,,,,,,,,,,,,,,,,,,,,,,,,,,,,,,,,,,,,,,,,,,,,,,,,,,,,,,,,,,,,,,,,,,,,,,,,,,,,,,,,,,,,,,,,,,,,,,,,,,,,,,,,,,,,,,,,,,,,,,,,,,,,,,,,,,,,,,,,,,,,,,,,,,,,,,,,,,
,2019,Biology,,,,,,Ch 1b,,,,,,,,,,,,,,,,,,,,,,,,,,,,,,,,,,,,,,,,,,,,,,,,,,,,,,,,,,,,,,,,,,,,,,,,,,,,,,,,,,,,,,,,,,,,,,,,,,,,,,,,,,,,,,,,,,,,,,,,,,,,,,,,,,,,,,,,,,,,,,,,,,,,,,,,,,,,,,,,,,,,,,,,,,,,,,,,,,
,2019,Chemical Engineering,,,,,,,,,,,,,,"Ma 1a, Ma 1b, Ma 1c","Ma 1a, Ma 1b, Ma 1c","Ph 1a, Ph 1b, Ph 1c",,,,,,,"Ch 1b, Ch 3a",,,,,"Ch 1a, Ch 1b",,,,"Ma 1a, Ma 1b, Ma 1c",,"Ch 1b, Ch 3a","Ma 1a, Ma 1b, Ma 1c","Ma 1a, Ma 1b, Ma 1c","Ch 1a, Ch 1b",,"Ma 1a, Ma 1b, Ma 1c, Ph 1a, ACM 95ab","Ma 1a, Ma 1b, Ma 1c, Ma 2, ACM 95ab",,,,,,,,,,,,,,,,,,,,,,,,,,,,,,,,,,,,,,,,,,,,,,,,,,,,,,,,,,,,,,,,,,,,,,,,,,,,,,,,,,,,,,,,,,,,,,,,,,,,,,,,,,,,,,,,,,,,,,,,,,,,,,,,,,,,,,,,,,,,,,,,
,2021,Computer Science,,,,,,,,,,,,,,,,,,,,,,,,,,,,,,,,,,,,,,,,,,,,,,,,,,,,,,,,,,,,,,,,,,,,,,,,,,,,,,,,,,,,,,,,,,,,,,,,,,,,,,,,,,,,,,,,,,,,,,,,,,,,,,,,,,,,,,,,,,,,,,,,,,,,,,,,,,,,,,,,,,,,,,,,CS 1,CS 1,,,CS 2,,,,,,,,,,,,
,2021,Mechanical Engineering,,,,,,,,,,,,,,,,,,,,,,,,,,,,,,,,,,,,,,,,,,,,,,,,,,,,,,,,,,,,,,,,,,,,,,,,,,,,,,,,,,,,,,,,,,,,,,,,,,,,,,,,,,,,,,,,,,,,,,,,,,,,,,,,,,,,,,,,,,,,,,,,,,,,,,,,,,,,,,,,,,,,,,,,,,,,,,,,,,,,,,,,
,2021,Computer Science,,,,,,,,,,,,,,,,,,,,,,,,,,,,,,,,,,,,,,,,,,,,,,,,,,,,,,,,,,,,,,,,,,,,,,,,,,,,,,,,,,,,,,,,,,,,,,,,,,,,,,,,,,,,,,,,,,,,,,,,,,,,,,,,,,,,,,,,,,,,,,,,,,,,,,,,,,,,,,,,,,,,,,,,CS 1,,,"Ma 1a, CS 1, CS 2",,,,,,,,,,,,,
,2018,GPS,,,,,,,,,,,,,,,,,,,,,,,,,,,,,,,,,,,,,,,,,,,,,,,,,,,,,,,,,,,,,,,,,,,,,,,,,,,,,,,,,,,,,,,,,,,,,,,,,,,,,,,,,,,,,,,,,,,,,,,,,,,"Ma 1b, Ma 1c",,"Ma 1b, Ma 1c, Ma 2",,,"Ph 1b, Ph 1c",,"Ph 1a, Ph 1b, Ph 1c","Ph 1a, Ph 1b, Ph 1c","Ph 1a, Ph 1b, Ph 1c, Ph 2/12a",,,,,,,,,,,,,,,,,,,,,,,,,,,,,,,,,,,,,,,,,,,,,,,,,,,,
,2020,Chemical Engineering,,,,,,,,,,,,,,"Ma 1b, Ma 1c",,,,,,,,,"Ch 1b, Ch 3a",,,,,,,,,"Ma 1a, Ma 1b, Ma 1c, Ma 2",,"Ch 1a, Ch 1b, Ch 3a, Ch 41ab",,ChE 63ab,"Ch 1a, Ch 1b",,,,,,,,,,,,,,,,,,,,,,,,,,,,,,,,,,,,,,,,,,,,,,,,,,,,,,,,,,,,,,,,,,,,,,,,,,,,,,,,,,,,,,,,,,,,,,,,,,,,,,,,,,,,,,,,,,,,,,,,,,,,,,,,,,,,,,,,,,,,,,,,,,,
,2020,Math,,,,,,,,,,,,,,,,,,,,,,,,,,,,,,,,,,,,,,,,,,"Ma 1a, Ma 1b, Ma 1c",,,"Ma 1a, Ma 1b, Ma 1c, Ma 5abc",,"Ma 1a, Ma 1b, Ma 1c, Ma 5abc",,,,"Ma 1a, Ma 1b, Ma 1c","Ma 1a, Ma 1b, Ma 1c",,,,,,,,,,,,,,,,,,,,,,,,,,,,,,,,,,,,,,,,,,,,,,,,,,,,,,,,,,,,,,,,,,,,,,,,,,,,,,,,,,,,,,,,,,,,,,,,,,,,,,,,,,,,,,,,,,,,,,,,,,,,,,,,,,,,
,2018,Chemistry,,,,,,,,,,,,,,"Ma 1b, Ma 1c",,,"Ch 1a, Ch 1b","Ch 1a, Ch 1b, Ph 2/12a",,,"Ch 1a, Ch 1b, Ch 3a, Ph 2/12a","Ch 1a, Ch 1b",Ch 1b,"Ch 1a, Ch 1b, Ch 3a",Ch 3a,,,,,,,,,,,,,,,,,,,,,,,,,,,,,,,,,,,,,,,,,,,,,,,,,,,,,,,,,,,,,,,,,,,,,,,,,,,,,,,,,,,,,,,,,,,,,,,,,,,,,,,,,,,,,,,,,,,,,,,,,,,,,,,,,,,,,,,,,,,,,,,,,,,,,,,,,,,,,,,
,2021,Computer Science,,,,,,,,,,,,,,,,,,,,,,,,,,,,,,,,,,,,,,,,,,,,,,,,,,,,,,,,,,,,,,,,,,,,,,,,,,,,,,,,,,,,,,,,,,,,,,,,,,,,,,,,,,,,,,,,,,,,,,,,,,,,,,,,,,,,,,,,,,,,,,,,,,,,,,,,,,,,,,,,,,,,,,,,CS 24,,,,,,,,,,,,,,,,
,2020,Mechanical Engineering,,,,,,,,,,,,,,,,,,,,,,,,,,,,,,,,,,,,,,,,,,,,,,,,,,,,,,,,,,,,,,,,,,,,,,,,,,,,,,,,,,,,,,,,,,,,,,,,,,,,,,,,,,,,,,,,,,,,,,,,,,,,,,,,,,,,,,,,,,,"Ma 1b, Ma 1c, Ph 1a","Ma 1b, Ma 1c, Ph 1a",,"Ma 1b, Ma 1c, Ph 1a, Ph 1b, Ph 1c","Ma 1a, Ma 1b, Ma 1c, CS 1",,,,,,,,,,,,,,,,,,,,,,,,,,,,,,,,,,,,,,,,,
,2019,ACM,,,,,,,,,,,,,,,,,,,,,,,,,,,,,,,,,,,,,,,,,,,,,,,,,,,,,,,,,,,,,,,,,,,,,,,,,,,,,,,,,,,,,,,,,,,,,,,,,,,,,,,,,,,,,,,,,,,,,,,,,,,,,,,,,,,,,,,,,,,,,,,,,,,,,,,,,,,,,,,,,,,,,,,,,,,,,,,,,,,CS 150,,"CS 21, CS 38","Ma 1b, Ma 2","Ma 1b, CS 1, ACM 11, Ma 2","Ma 2, Ma 3, ACM 104"
,2021,Computer Science,,,,,,,,,,,,,,,,,,,,,,,,,,,,,,,,,,,,,,,,,,,,,,,,,,,,,,,,,,,,,,,,,,,,,,,,,,,,,,,,,,,,,,,,,,,,,,,,,,,,,,,,,,,,,,,,,,,,,,,,,,,,,,,,,,,,,,,,,,,,,,,,,,,,,,,,,,,,,,,,,,,,,,,,"CS 1, CS 11",,CS 1,CS 1,"CS 1, CS 2",,,,,,,,,,,,
,2019,Social Sciences (BEM/Econ/Political Science),,,,,,,,,,,,,,,,,,,,,,,,,,,,,,,,,,,,,,,,,,,,,,,,,,,,,,,,,,,,,,,,,,,,,,,,,,,,,,,,,,,,,,,,,,,,,,,,,,,,,,,,,,,,,,,,,,"Ma 1b, Ma 3, Ec 11, BEM/Ec 150; ACM 104; ACM 116","Ma 3, Ec 11, PS 12",,BEM 102,"Ma 1b, Ma 3, BEM 102; BEM 103; ACM 104; ACM 116",,BEM 102; BEM 103,"Ma 1b, ACM 104; CS 155; CS 156",,,,,,,,,,,,,,,,,,,,,,,,,,,,,,,,,,,,,,,,,,,,,,,,,,,,,,,,,,,,,,,
,2018,Physics/Astrophysics,,,,,,,,,,,,,,,,,,,,,,,,,,,,,,,,,,,,,,,,,,,,,,,,,,,,,"Ma 1c, Ph 1b, Ph 1c",,"Ma 1b, Ph 1a, Ph 1b",Ma 1b,Ma 1c,"Ma 1a, Ma 1b, Ma 1c, Ma 2",,,,,"Ma 1b, Ma 1c, Ph 1a, Ph 1b, Ph 1c, Ma 2, Ma 3, Ph 12a, Ph 12b","Ma 1a, Ma 1b, Ma 1c, Ph 1a, Ph 1b, Ph 1c, Ma 2, Ma 3, Ph 12a, Ph 12b",,"Ma 1c, Ph 1a, Ph 1b, Ph 1c","Ma 1a, Ma 1b, Ma 1c, Ph 1a, Ph 1b, Ph 1c, Ma 2, Ph 2/12a","Ma 1b, Ma 1c, Ma 2, Ph 2/12b",,"Ph 1a, Ph 1b, CS 1","Ph 1a, Ph 1b, CS 1",,,"Ma 1b, Ph 1a, Ph 1b, Ph 1c",,,,,,,,,,,,,,,,,,,,,,,,,,,,,,,,,,,,,,,,,,,,,,,,,,,,,,,,,,,,,,,,,,,,,,,,,,,,,,,,,,,,,,,,,,,,,,,,,,,,,,,,,,,,,,
,2020,Computer Science,,,,,,,,,,,,,,,,,,,,,,,,,,,,,,,,,,,,,,,,,,,,,,,,,,,,,,,,,,,,,,,,,,,,,,,,,,,,,,,,,,,,,,,,,,,,,,,,,,,,,,,,,,,,,,,,,,,,,,,,,,,,,,,,,,,,,,,,,,,,,,,,,,,,,,,,,,,,,,,,,,,,,,,,,,,Ma/CS 6a,,"Ma 1b, Ma/CS 6a, CS 21",,,,,,,,,,,
,2020,Math,,,,,,,,,,,,,,,,,,,,,,,,,,,,,,,,,,,,,,,,,,"Ma 1b, Ma 1c",,,"Ma 1a, Ma 1b, Ma 1c","Ma 1a, Ma 1b, Ma 1c, Ma 2",,,,,,,,,,,,,,,,,,,,,,,,,,,,,,,,,,,,,,,,,,,,,,,,,,,,,,,,,,,,,,,,,,,,,,,,,,,,,,,,,,,,,,,,,,,,,,,,,,,,,,,,,,,,,,,,,,,,,,,,,,,,,,,,,,,,,,,,,,
,2020,GPS,,,,,,,,,,,,,,,,,,,,,,,,,,,,,,,,,,,,,,,,,,,,,,,,,,,,,,,,,,,,,,,,,,,,,,,,,,,,,,,,,,,,,,,,,,,,,,,,,,,,,,,,,,,,,,,,,,,,,,,,,,,"Ma 1a, Ma 1b, Ma 1c",Ma 1b,"Ma 1a, Ma 1b, Ma 1c, Ma 2",,,Ma 2,,"Ch 1a, Ch 1b",Ph 1a,"Ph 1a, Ma 2",,,,,,,,,,,,,,,,,,,,,,,,,,,,,,,,,,,,,,,,,,,,,,,,,,,,
,2018,Math,,,,,,,,,,,,,,,,,,,,,,,,,,,,,,,,,,,,,,,,,,Ma 1b,,,"Ma 1c, Ma 2","Ma 1b, Ma 1c",,"Ma 1b, Ma 5abc",,"Ma 1c, Ma 5abc",,,,,,,,,,,,,,,,,,,,,,,,,,,,,,,,,,,,,,,,,,,,,,,,,,,,,,,,,,,,,,,,,,,,,,,,,,,,,,,,,,,,,,,,,,,,,,,,,,,,,,,,,,,,,,,,,,,,,,,,,,,,,,,,,,,,,,
,2019,Computer Science,,,,,,,,,,,,,,,,,,,,,,,,,,,,,,,,,,,,,,,,,,,,,,,,,,,,,,,,,,,,,,,,,,,,,,,,,,,,,,,,,,,,,,,,,,,,,,,,,,,,,,,,,,,,,,,,,,,,,,,,,,,,,,,,,,,,,,,,,,,,,,,,,,,,,,,,,,,,,,,,,,,,,,,,"Ma 2, CS 1, CS 11",CS 1,"CS 1, CS 2",,"CS 1, CS 2",CS 21,"Ma 1b, Ma 3, CS 1, CS 2, CS 38, ACM 104","Ma 3, CS 1, CS 2, CS 155, ACM 104",,,,,,,,,
,2021,Math,,,,,,,,,,,,,,,,,,,,,,,,,,,,,,,,,,,,,,,,,,,,,,,,,,,,,,,,,,,,,,,,,,,,,,,,,,,,,,,,,,,,,,,,,,,,,,,,,,,,,,,,,,,,,,,,,,,,,,,,,,,,,,,,,,,,,,,,,,,,,,,,,,,,,,,,,,,,,,,,,,,,,,,,,,,,,,,,,,,,,,,,
,2021,Math,,,,,,,,,,,,,,,,,,,,,,,,,,,,,,,,,,,,,,,,,,,,,,,,,,,,,,,,,,,,,,,,,,,,,,,,,,,,,,,,,,,,,,,,,,,,,,,,,,,,,,,,,,,,,,,,,,,,,,,,,,,,,,,,,,,,,,,,,,,,,,,,,,,,,,,,,,,,,,,,,,,,,,,,,,,,,,,,,,,,,,,,
,2019,ACM,,,,,,,,,,,,,,,,,,,,,,,,,,,,,,,,,,,,,,,,,,,,,,,,,,,,,,,,,,,,,,,,,,,,,,,,,,,,,,,,,,,,,,,,,,,,,,,,,,,,,,,,,,,,,,,,,,,,,,,,,,,,,,,,,,,,,,,,,,,,,,,,,,,,,,,,,,,,,,,,,,,,,,,,,,,,,,,,,,,"Ma 1b, ACM 11",,"Ma 1a, Ma 1c","Ma 1b, Ma 1c, Ma 2",Ma 1b,Ma 3
,2018,Math,,,,,,,,,,,,,,,,,,,,,,,,,,,,,,,,,,,,,,,,,,,,,,Ma 108a,,Ma 5abc,,,,CS 21,,,,,,,,,,,,,,,,,,,,,,,,,,,,,,,,,,,,,,,,,,,,,,,,,,,,,,,,,,,,,,,,,,,,,,,,,,,,,,,,,,,,,,,,,,,,,,,,,,,,,,,,,,,,,,,,,,,,,,,,,,,,,,,,,,,,
,2018,Electrical Engineering,,,,,,,,,,,,,,,,,,,,,,,,,,,,,,,,,,,,,,,,,,,,,,,,,,,,,,,,,,,,,,,,,,,,,,,,,,,,,,,,,,,,,,,,,,,,,,,,,,,,,,,,,,,,,,,,,,,,,,,,,,,,,,,,,,,,,,,,,,,,,,,,,,,,,,,,,,,,,,,,Ma 3,,,,,,,,,,,,,,,,,,,,,,,,
,2018,Physics/Astrophysics,,,,,,,,,,,,,,,,,,,,,,,,,,,,,,,,,,,,,,,,,,,,,,,,,,,,,,,Ph 1a,Ph 1b,,"Ma 1c, Ma 2",Ph 1a,,,,,Ph 12b,,,"Ph 1a, Ph 1c","Ph 1b, Ph 2/12b",Ph 2/12c,,,,,,,,,,,,,,,,,,,,,,,,,,,,,,,,,,,,,,,,,,,,,,,,,,,,,,,,,,,,,,,,,,,,,,,,,,,,,,,,,,,,,,,,,,,,,,,,,,,,,,,,,,,,,,,,,,,
,2020,Math,,,,,,,,,,,,,,,,,,,,,,,,,,,,,,,,,,,,,,,,,,"Ma 1a, Ma 1b",,Ma 1a,"Ma 1a, Ma 1c, Ma 5abc",,,,,,,,,,,,,,,,,,,,,,,,,,,,,,,,,,,,,,,,,,,,,,,,,,,,,,,,,,,,,,,,,,,,,,,,,,,,,,,,,,,,,,,,,,,,,,,,,,,,,,,,,,,,,,,,,,,,,,,,,,,,,,,,,,,,,,,,,,,
,2018,Chemistry,,,,,,,,,,,,,,,,,Ch 3a,Ma 1b,,,,,"Ch 1b, Ch 3a",Ch 3a,Ch 3a,,,Ch 3a,,,,,,,,,,,,,,,,,,,,,,,,,,,,,,,,,,,,,,,,,,,,,,,,,,,,,,,,,,,,,,,,,,,,,,,,,,,,,,,,,,,,,,,,,,,,,,,,,,,,,,,,,,,,,,,,,,,,,,,,,,,,,,,,,,,,,,,,,,,,,,,,,,,,,,,,,,,,
,2020,Physics/Astrophysics,,,,,,,,,,,,,,,,,,,,,,,,,,,,,,,,,,,,,,,,,,,,,,,,,,,,,"Ma 1b, Ma 1c, Ph 1b, Ph 1c",,"Ph 1a, Ph 1b, Ph 1c","Ma 1b, Ma 1c, Ch 1a, Ph 1a, Ph 1c","Ma 1b, Ma 1c, Ph 1a, Ph 1b, Ph 1c, Bi 1","Ma 1b, Ma 1c, Ma 2",,Ph 1b,,,"Ch 3a, Ch 3x, Ph 1b, Ph 1c, Ph 12a, Ph 12b","Ch 3a, Ch 3x, Ph 1a, Ph 1b, Ph 1c, Ph 12a, Ph 12b",,,,,,,"Bi 1, CS 1",,,,,,,,,,,,,,,,,,,,,,,,,,,,,,,,,,,,,,,,,,,,,,,,,,,,,,,,,,,,,,,,,,,,,,,,,,,,,,,,,,,,,,,,,,,,,,,,,,,,,,,,,,,,,,,,,
,2020,Physics/Astrophysics,,,,,,,,,,,,,,,,,,,,,,,,,,,,,,,,,,,,,,,,,,,,,,,,,,,,,,,Ma 1b,"Ma 1b, Ma 1c",,Ma 2,,,,,"Ph 1b, Ph 1c, Ph 12b","Ph 1b, Ph 1c, Ph 12b",,,,,,CS 1,CS 1,,,,,,,,,,,,,,,,,,,,,,,,,,,,,,,,,,,,,,,,,,,,,,,,,,,,,,,,,,,,,,,,,,,,,,,,,,,,,,,,,,,,,,,,,,,,,,,,,,,,,,,,,,,,,,,,,
,2021,Computer Science,,,,,,,,,,,,,,,,,,,,,,,,,,,,,,,,,,,,,,,,,,,,,,,,,,,,,,,,,,,,,,,,,,,,,,,,,,,,,,,,,,,,,,,,,,,,,,,,,,,,,,,,,,,,,,,,,,,,,,,,,,,,,,,,,,,,,,,,,,,,,,,,,,,,,,,,,,,,,,,,,,,,,,,,CS 1,,"CS 1, CS 2",,,,,,,,,,,,,,
,2018,Chemical Engineering,,,,,,,,,,,,,,,,,,,,,,,,,,,,,,,,,,,,,,,,,,,,,,,,,,,,,,,,,,,,,,,,,,,,,,,,,,,,,,,,,,,,,,,,,,,,,,,,,,,,,,,,,,,,,,,,,,,,,,,,,,,,,,,,,,,,,,,,,,,,,,,,,,,,,,,,,,,,,,,,,,,,,,,,,,,,,,,,,,,,,,,,
,2019,Chemistry,,,,,,,,,,,,,,Ph 2a,AP Statstics,,,Ph 1b,"Ch 21a, Ch 102",,,,Ch 1b,Ch 41abc,,,,,,,,,,,,,,,,,,,,,,,,,,,,,,,,,,,,,,,,,,,,,,,,,,,,,,,,,,,,,,,,,,,,,,,,,,,,,,,,,,,,,,,,,,,,,,,,,,,,,,,,,,,,,,,,,,,,,,,,,,,,,,,,,,,,,,,,,,,,,,,,,,,,,,,,,,,,,,,,
,2021,Computer Science,,,,,,,,,,,,,,,,,,,,,,,,,,,,,,,,,,,,,,,,,,,,,,,,,,,,,,,,,,,,,,,,,,,,,,,,,,,,,,,,,,,,,,,,,,,,,,,,,,,,,,,,,,,,,,,,,,,,,,,,,,,,,,,,,,,,,,,,,,,,,,,,,,,,,,,,,,,,,,,,,,,,,,,,"CS 1, CS 11",,CS 1,,"CS 1, CS 2, CS 11",,,,,,,,,,,,
,2019,Electrical Engineering,,,,,,,,,,,,,,,,,,,,,,,,,,,,,,,,,,,,,,,,,,,,,,,,,,,,,,,,,,,,,,,,,,,,,,,,,,,,,,,,,,,,,,,,,,,,,,,,,,,,,,,,,,,,,,,,,,,,,,,,,,,,,,,,,,,,,,,,,,,,,,,,,,,,,"Ma 1c, Ph 1b, Ph 1c",,,"Ma 1b, Ma 1c",,,,,,,,Ma 3,,,,,,,,,,,,,,,,,,,,,,,,
,2019,Computer Science,,,,,,,,,,,,,,,,,,,,,,,,,,,,,,,,,,,,,,,,,,,,,,,,,,,,,,,,,,,,,,,,,,,,,,,,,,,,,,,,,,,,,,,,,,,,,,,,,,,,,,,,,,,,,,,,,,,,,,,,,,,,,,,,,,,,,,,,,,,,,,,,,,,,,,,,,,,,,,,,,,,,,,,,CS 1,"CS 1, CS 2","CS 1, CS 2",Ma/CS 6a,"CS 1, CS 2",CS 21,"Ma 1b, Ma 1c, Ma 2, CS 1, CS 2, CS 38","Ma 1b, Ma 1c, CS 1, CS 2, CS 38",,,"Ma 1b, CS 1, CS 2, CS 24",,,,,,
,2020,Computer Science,,,,,,,,,,,,,,,,,,,,,,,,,,,,,,,,,,,,,,,,,,,,,,,,,,,,,,,,,,,,,,,,,,,,,,,,,,,,,,,,,,,,,,,,,,,,,,,,,,,,,,,,,,,,,,,,,,,,,,,,,,,,,,,,,,,,,,,,,,,,,,,,,,,,,,,,,,,,,,,,,,,,,,,,CS 1,,,"CS 1, CS 2, Ma/CS 6",,"CS 2, CS 21","Ma 3, CS 1","Ma 3, CS 2",,"CS 1, CS 2",,,,,,,
,2019,Physics/Astrophysics,,,,,,,,,,,,,,,,,,,,,,,,,,,,,,,,,,,,,,,,,,,,,,,,,,,,,,Ph 1a,"Ma 1b, Ch 1a, Ph 1a","Ph 1a, Ph 1b","Ch 1b, Ph 1a, Ph 1b","Ma 1a, Ma 1c","Ph 1a, Ma 2",,,,"Ph 1a, Ph 1b, Ma 2","Ph 1a, Ma 2, Ma 3, Ph 12a, Ph 12b",,,"Ph 1a, Ph 1b, Ph 1c, Ph 2/12a, Ph 2/12b, Ph 2/12c, ACM 95","Ph 1b, Ph 1c, Ph 2/12b",Ph 2/12c,"Ph 1a, CS 1","Ma 1a, Ph 1a, Ph 1b, CS 1",Ph 1a,,"Ph 1a, Ay 20, ACM 95",,,,,,,,,,,,,,,,,,,,,,,,,,,,,,,,,,,,,,,,,,,,,,,,,,,,,,,,,,,,,,,,,,,,,,,,,,,,,,,,,,,,,,,,,,,,,,,,,,,,,,,,,,,,,,
,2021,Computer Science,,,,,,,,,,,,,,,,,,,,,,,,,,,,,,,,,,,,,,,,,,,,,,,,,,,,,,,,,,,,,,,,,,,,,,,,,,,,,,,,,,,,,,,,,,,,,,,,,,,,,,,,,,,,,,,,,,,,,,,,,,,,,,,,,,,,,,,,,,,,,,,,,,,,,,,,,,,,,,,,,,,,,,,,CS 11,,,"Ma 1a, Ma/CS 6a","CS 2, CS 11",,,,,,,,,,,,
,2021,Computer Science,,,,,,,,,,,,,,,,,,,,,,,,,,,,,,,,,,,,,,,,,,,,,,,,,,,,,,,,,,,,,,,,,,,,,,,,,,,,,,,,,,,,,,,,,,,,,,,,,,,,,,,,,,,,,,,,,,,,,,,,,,,,,,,,,,,,,,,,,,,,,,,,,,,,,,,,,,,,,,,,,,,,,,,,,,,,,,,,,,,,,,,,
,2019,Chemistry,,,,,,,,,,,,,,"Ma 1b, Ma 1c, Ph 1b, Ph 1c",,"Ma 1b, Ma 1c, Ph 1b, Ph 1c",,"Ma 1b, Ph 2/12a","Ma 1b, Ph 2/12a","Ma 1b, Ma 1c, Ph 2/12a",,,,,,,,,,,,,,,,,,,,,,,,,,,,,,,,,,,,,,,,,,,,,,,,,,,,,,,,,,,,,,,,,,,,,,,,,,,,,,,,,,,,,,,,,,,,,,,,,,,,,,,,,,,,,,,,,,,,,,,,,,,,,,,,,,,,,,,,,,,,,,,,,,,,,,,,,,,,,,,,,,,,
,2019,Mechanical Engineering,,,,,,,,,,,,,,,,,,,,,,,,,,,,,,,,,,,,,,,,,,,,,,,,,,,,,,,,,,,,,,,,,,,,,,,,,,,,,,,,,,,,,,,,,,,,,,,,,,,,,,,,,,,,,,,,,,,,,,,,,,,,,,,,,,,,,,,,,,,"Ph 1a, Ph 1b, Ph 1c","Ph 1a, Ph 1b, Ph 1c",,"Ph 1a, Ph 1b, Ph 1c",Ma 1c,"Ph 1a, Ph 1b, Ph 1c","Ph 1a, Ph 1b, Ph 1c",,,,,,,,,,,,,,,,,,,,,,,,,,,,,,,,,,,,,,,
,2020,Biology,Bi 8,,"Bi 8, Bi 9","Bi 8, Bi 9","Ph 1bc, Bi 8, Bi 9","Ch 1a, Ch 1b","Ma 1b, Ma 1c",Ma 1b,,,,,,,,,,,,,,,,,,,,,,,,,,,,,,,,,,,,,,,,,,,,,,,,,,,,,,,,,,,,,,,,,,,,,,,,,,,,,,,,,,,,,,,,,,,,,,,,,,,,,,,,,,,,,,,,,,,,,,,,,,,,,,,,,,,,,,,,,,,,,,,,,,,,,,,,,,,,,,,,,,,,,,,,,,,,,,,,
,2021,Physics/Astrophysics,,,,,,,,,,,,,,,,,,,,,,,,,,,,,,,,,,,,,,,,,,,,,,,,,,,,,,,,,,,,,,,,,,,,,,CS 1,,,,,,,,,,,,,,,,,,,,,,,,,,,,,,,,,,,,,,,,,,,,,,,,,,,,,,,,,,,,,,,,,,,,,,,,,,,,,,,,,,,,,,,,,,,,,,,,,,,,,,,,,,,,,,,,,,
,2020,Computer Science,,,,,,,,,,,,,,,,,,,,,,,,,,,,,,,,,,,,,,,,,,,,,,,,,,,,,,,,,,,,,,,,,,,,,,,,,,,,,,,,,,,,,,,,,,,,,,,,,,,,,,,,,,,,,,,,,,,,,,,,,,,,,,,,,,,,,,,,,,,,,,,,,,,,,,,,,,,,,,,,,,,,,,,,,"CS 1, CS 2","CS 1, CS 2",,CS 2,,,,,,,,,,,,
,2021,Computer Science,,,,,,,,,,,,,,,,,,,,,,,,,,,,,,,,,,,,,,,,,,,,,,,,,,,,,,,,,,,,,,,,,,,,,,,,,,,,,,,,,,,,,,,,,,,,,,,,,,,,,,,,,,,,,,,,,,,,,,,,,,,,,,,,,,,,,,,,,,,,,,,,,,,,,,,,,,,,,,,,,,,,,,,,"CS 1, CS 11",,,Ma 1a,"CS 1, CS 2",,,,,,,,,,,,
,2020,Physics/Astrophysics,,,,,,,,,,,,,,,,,,,,,,,,,,,,,,,,,,,,,,,,,,,,,,,,,,,,,,Bi 1,"Ma 1b, Ma 1c, Ph 1a, Ph 1b, Ph 1c","Ma 1b, Ma 1c, Ph 1a, Ph 1b, Ph 1c","Ma 1b, Ma 1c, Ph 1a, Ph 1b, Ph 1c, Bi 1","Ph 1a, Ph 1b, Ph 1c","Ph 1a, Ph 1b, Ph 1c",,,,"Ma 1b, Ma 1c, Ph 1a, Ph 1b, Ph 1c","Ma 1b, Ma 1c, Ph 1a, Ph 1b, Ph 1c",,,,,,,,,,,,,,,,,,,,,,,,,,,,,,,,,,,,,,,,,,,,,,,,,,,,,,,,,,,,,,,,,,,,,,,,,,,,,,,,,,,,,,,,,,,,,,,,,,,,,,,,,,,,,,,,,,,,,,,,
,2020,Physics/Astrophysics,,,,,,,,,,,,,,,,,,,,,,,,,,,,,,,,,,,,,,,,,,,,,,,,,,,,,,,"Ma 1b, Ma 1c, Ph 1a, Ph 1b, Ph 1c","Ma 1b, Ma 1c, Ph 1a, Ph 1b, Ph 1c","Ma 1c, Ph 1a, Ph 1b, Ph 1c",Ma 1c,"Ma 1c, Ph 1b, Ph 1c, Ph 12a ",,,,"Ch 3a, Ph 1b, Ph 1c",Ch 3a,,,,,,,,"Ma 1c, Ph 1a",,,,,,,,,,,,,,,,,,,,,,,,,,,,,,,,,,,,,,,,,,,,,,,,,,,,,,,,,,,,,,,,,,,,,,,,,,,,,,,,,,,,,,,,,,,,,,,,,,,,,,,,,,,,,,,,
,2018,Chemistry,,,,,,,,,,,,,,"Ma 1b, Ma 1c","Ma 1c, Ch 1b","Ma 1c, Ch 1a, Ph 1a, Ph 1b, Ph 1c","Ch 1a, Ch 1b, Ch 3a","Ma 1c, Ch 1a, Ch 1b, Ph 1c, Ma 2, Ma 3, Ph 2/12a","Ch 1a, Ch 1b, Ph 1c, Ma 2, Ma 3, Ph 2/12a","Ch 1a, Ch 1b, Ph 1b, Ph 1c, Ma 2, Ma 3, Ph 2/12a",,,"Ch 1a, Ch 1b, Ch 3a","Ch 1a, Ch 1b, Ch 3a",,"Ch 1a, Ch 1b, Ph 1c",,"Ch 1a, Ch 1b, Ch 3a",,,,,Ma 1c,,,,,,,,,,,,,,,,,,,,,,,,,,,,,,,,,,,,,,,,,,,,,,,,,,,,,,,,,,,,,,,,,,,,,,,,,,,,,,,,,,,,,,,,,,,,,,,,,,,,,,,,,,,,,,,,,,,,,,,,,,,,,,,,,,,,,,,,,,,,,,,,,,,,,,,
,2020,Computer Science,,,,,,,,,,,,,,,,,,,,,,,,,,,,,,,,,,,,,,,,,,,,,,,,,,,,,,,,,,,,,,,,,,,,,,,,,,,,,,,,,,,,,,,,,,,,,,,,,,,,,,,,,,,,,,,,,,,,,,,,,,,,,,,,,,,,,,,,,,,,,,,,,,,,,,,,,,,,,,,,,,,,,,,,,,CS 2,Ma 5,CS 11,"Ma 1b, CS 21, Ma 121",,,,,,,,,,,
,2019,Mechanical Engineering,,,,,,,,,,,,,,,,,,,,,,,,,,,,,,,,,,,,,,,,,,,,,,,,,,,,,,,,,,,,,,,,,,,,,,,,,,,,,,,,,,,,,,,,,,,,,,,,,,,,,,,,,,,,,,,,,,,,,,,,,,,,,,,,,,,,,,,,,,,"Ch 1a, Ph 1a, CS 1","Ma 1b, Ph 1a, Ph 1b, CS 1",,,Ma 1a,"Ch 3a, Ph 1a, Ph 1b, CS 1",CS 1,"Ch 3a, CS 1",,,,,,,,,,,,,,,,,,,,,,,,,,,,,,,,,,,,,,
,2019,Physics/Astrophysics,,,,,,,,,,,,,,,,,,,,,,,,,,,,,,,,,,,,,,,,,,,,,,,,,,,,,"Ph 1b, Ph 1c",Ph 3,"Ph 1b, Ph 1c","Ph 1b, Ph 1c, Ph 12a",Ph 12b,Ph 12b,,,,,,,,,"Ph 2/12a, Ph 2/12b, Ph 2/12c","Ph 2/12b, Ph 2/12c",Ph 2/12c,,,,Ay 20,Ay 20,Ay 101,,,,,,,,,,,,,,,,,,,,,,,,,,,,,,,,,,,,,,,,,,,,,,,,,,,,,,,,,,,,,,,,,,,,,,,,,,,,,,,,,,,,,,,,,,,,,,,,,,,,,,,,,,,,,
,2021,Computer Science,,,,,,,,,,,,,,,,,,,,,,,,,,,,,,,,,,,,,,,,,,,,,,,,,,,,,,,,,,,,,,,,,,,,,,,,,,,,,,,,,,,,,,,,,,,,,,,,,,,,,,,,,,,,,,,,,,,,,,,,,,,,,,,,,,,,,,,,,,,,,,,,,,,,,,,,,,,,,,,,,,,,,,,,,,,,,,,,,,,,,,,,
,2021,Physics/Astrophysics,,,,,,,,,,,,,,,,,,,,,,,,,,,,,,,,,,,,,,,,,,,,,,,,,,,,,,,,,,,,,,,,,,,,,,,"Bi 1x, CS 1",,,,,,,,,,,,,,,,,,,,,,,,,,,,,,,,,,,,,,,,,,,,,,,,,,,,,,,,,,,,,,,,,,,,,,,,,,,,,,,,,,,,,,,,,,,,,,,,,,,,,,,,,,,,,,,,,
,2020,Mechanical Engineering,,,,,,,,,,,,,,,,,,,,,,,,,,,,,,,,,,,,,,,,,,,,,,,,,,,,,,,,,,,,,,,,,,,,,,,,,,,,,,,,,,,,,,,,,,,,,,,,,,,,,,,,,,,,,,,,,,,,,,,,,,,,,,,,,,,,,,,,,,,Ma 1b,"Ma 1b, Ph 1a",,,"Ma 1a, Ma 1b, Ma 1c",,,,,,,,,,,,,,,,,,,,,,,,,,,,,,,,,,,,,,,,,
,2021,Computer Science,,,,,,,,,,,,,,,,,,,,,,,,,,,,,,,,,,,,,,,,,,,,,,,,,,,,,,,,,,,,,,,,,,,,,,,,,,,,,,,,,,,,,,,,,,,,,,,,,,,,,,,,,,,,,,,,,,,,,,,,,,,,,,,,,,,,,,,,,,,,,,,,,,,,,,,,,,,,,,,,,,,,,,,,,,"CS 1, CS 2",,CS 2,,,,,,,,,,,,
,2018,Mechanical Engineering,,,,,,,,,,,,,,,,,,,,,,,,,,,,,,,,,,,,,,,,,,,,,,,,,,,,,,,,,,,,,,,,,,,,,,,,,,,,,,,,,,,,,,,,,,,,,,,,,,,,,,,,,,,,,,,,,,,,,,,,,,,,,,,,,,,,,,,,,,,"Ma 1c, Ch 1a, Ch 1b","Ma 1c, Ph 1a",,,Ma 1c,"Ma 1b, Ma 1c, Ph 1a, CS 1",,,,,,,,,,,,,,,,,,,,,,,,,,,,,,,,,,,,,,,,
,2019,Mechanical Engineering,,,,,,,,,,,,,,,,,,,,,,,,,,,,,,,,,,,,,,,,,,,,,,,,,,,,,,,,,,,,,,,,,,,,,,,,,,,,,,,,,,,,,,,,,,,,,,,,,,,,,,,,,,,,,,,,,,,,,,,,,,,,,,,,,,,,,,,,,,,,Ph 1a,,,"Ma 1a, Ma 1b, Ma 1c, Ph 1a, Ph 1b, Ph 1c",CS 1,Ph 1a,,,,,,,,,,,,,,,,,,,,,,,,,,,,,,,,,,,,,,,
,2020,ACM,,,,,,,,,,,,,,,,,,,,,,,,,,,,,,,,,,,,,,,,,,,,,,,,,,,,,,,,,,,,,,,,,,,,,,,,,,,,,,,,,,,,,,,,,,,,,,,,,,,,,,,,,,,,,,,,,,,,,,,,,,,,,,,,,,,,,,,,,,,,,,,,,,,,,,,,,,,,,,,,,,,,,,,,,,,,,,,,,,,"Ma 1b, Ph 2b, CS 1, ACM 11",CS 21,,"Ma 1a, Ph 2a, Ph 2b, ACM 11, Ma 2",,
,2020,Computer Science,,,,,,,,,,,,,,,,,,,,,,,,,,,,,,,,,,,,,,,,,,,,,,,,,,,,,,,,,,,,,,,,,,,,,,,,,,,,,,,,,,,,,,,,,,,,,,,,,,,,,,,,,,,,,,,,,,,,,,,,,,,,,,,,,,,,,,,,,,,,,,,,,,,,,,,,,,,,,,,,,,,,,,,,CS 1,"CS 1, CS 2",CS 1,Ma 1a,"CS 1, CS 2, CS 4",,"CS 1, CS 2","CS 1, CS 2",,,,,,,,,
,2020,Computer Science,,,,,,,,,,,,,,,,,,,,,,,,,,,,,,,,,,,,,,,,,,,,,,,,,,,,,,,,,,,,,,,,,,,,,,,,,,,,,,,,,,,,,,,,,,,,,,,,,,,,,,,,,,,,,,,,,,,,,,,,,,,,,,,,,,,,,,,,,,,,,,,,,,,,,,,,,,,,,,,,,,,,,,,,,,CS 1,Ma/CS 6,CS 1,,"Ma 1b, CS 1",,,,,,,,,,
,2019,Materials Science,,,,,,,,,,,,,,,,,,,,,,,,,,,,,,,,,,,,,,,,,,,,,,,,,,,,,,,,,,,,,,,,,,,,,,,,,,,,,,"Ma 1b, Ph 1a",,,,,,,,,,,,,,,,,,,Ph 1c,,,,,,,Ph 12b,,,,"Ch 1a, Ch 41abc, Ph 12b",,,,,,,,,,,,,,,,,,,,,,,,,,,,,,,,,,,,,,,,,,,,,,,,,,,,,,,,,,,,,,,,,,,,,,,,,,,,
,2019,Computer Science,,,,,,,,,,,,,,,,,,,,,,,,,,,,,,,,,,,,,,,,,,,,,,,,,,,,,,,,,,,,,,,,,,,,,,,,,,,,,,,,,,,,,,,,,,,,,,,,,,,,,,,,,,,,,,,,,,,,,,,,,,,,,,,,,,,,,,,,,,,,,,,,,,,,,,,,,,,,,,,,,,,,,,,,CS 1,"CS 1, CS 2",CS 1,CS 1,"CS 1, CS 2, CS 11 (C track)","CS 1, CS 21","Ma 1b, Ma 3, CS 1","Ma 1b, Ma 3, CS 1, CS 2","Ma 1b, Ma 3, CS 1, CS 2, CS 24, CS 38","CS 1, CS 2",,,,,,,
,2020,Computer Science,,,,,,,,,,,,,,,,,,,,,,,,,,,,,,,,,,,,,,,,,,,,,,,,,,,,,,,,,,,,,,,,,,,,,,,,,,,,,,,,,,,,,,,,,,,,,,,,,,,,,,,,,,,,,,,,,,,,,,,,,,,,,,,,,,,,,,,,,,,,,,,,,,,,,,,,,,,,,,,,,,,,,,,,CS 1,"CS 2, CS 24",,Ma/CS 6,"CS 1, CS 2",Ma/CS 6,,,,CS 2,,,,,,,
,2021,Math,,,,,,,,,,,,,,,,,,,,,,,,,,,,,,,,,,,,,,,,,,,,,,,,,,,,,,,,,,,,,,,,,,,,,,,,,,,,,,,,,,,,,,,,,,,,,,,,,,,,,,,,,,,,,,,,,,,,,,,,,,,,,,,,,,,,,,,,,,,,,,,,,,,,,,,,,,,,,,,,,,,,,,,,,,,,,,,,,,,,,,,,
,2021,Chemical Engineering,,,,,,,,,,,,,,,,,,,,,,,,,,,,,,,,,,,,,"Ma 1c, Ch 1b",,,,,,,,,,,,,,,,,,,,,,,,,,,,,,,,,,,,,,,,,,,,,,,,,,,,,,,,,,,,,,,,,,,,,,,,,,,,,,,,,,,,,,,,,,,,,,,,,,,,,,,,,,,,,,,,,,,,,,,,,,,,,,,,,,,,,,,,,,,,,,,,,,,
,2019,Bioengineering,Bi 8,,,,,"Ch 1a, Ch 1b",,,"Ma 1c, Ma 2",,,"Ph 2a, ACM 95",,,,,,,,,,,,,,,,,,,,,,,,,,,,,,,,,,,,,,,,,,,,,,,,,,,,,,,,,,,,,,,,,,,,,,,,,,,,,,,,,,,,,,,,,,,,,,,,,,,,,,,,,,,,,,,,,,,,,,,,,,,,,,,,,,,,,,,,,,,,,,,,,,,,,,,,,,,,,,,,,,,,,,,,,,,,
,2020,Mechanical Engineering,,,,,,,,,,,,,,,,,,,,,,,,,,,,,,,,,,,,,,,,,,,,,,,,,,,,,,,,,,,,,,,,,,,,,,,,,,,,,,,,,,,,,,,,,,,,,,,,,,,,,,,,,,,,,,,,,,,,,,,,,,,,,,,,,,,,,,,,,,,"Ma 1c, Ma 2","Ph 1a, ACM 11 ",,,"Ma 2, Ph 2a",,,,,,,,,,,,,,,,,,,,,,,,,,,,,,,,,,,,,,,,,
,2021,Chemical Engineering,,,,,,,,,,,,,,,,,,,,,,,,,,,,,,,,,,,,,Ch 1b,,,,,,,,,,,,,,,,,,,,,,,,,,,,,,,,,,,,,,,,,,,,,,,,,,,,,,,,,,,,,,,,,,,,,,,,,,,,,,,,,,,,,,,,,,,,,,,,,,,,,,,,,,,,,,,,,,,,,,,,,,,,,,,,,,,,,,,,,,,,,,,,,,,
,2018,Physics/Astrophysics,,,,,,,,,,,,,,,,,,,,,,,,,,,,,,,,,,,,,,,,,,,,,,,,,,,,,,,,,,,,,,,"Ph 1b, Ph 1c, Ph 12a, Ph 12b","Ph 1b, Ph 1c, Ph 12a, Ph 12b",,Ph 125,"Ma 1b, Ma 1c, Ma 2","Ma 1b, Ph 2/12a, Ph 2/12b",,"CS 1, ACM11","Ma 1c, CS 1",,"Ma 1b, Ma 1c, Ph 1a, Ph 1b, Ph 1c","Ma 1b, Ma 1c, Ph 1a, Ph 1b, Ph 1c","Ma 1b, Ma 1c, Ch 1a",,,,,,,,,,,,,,,,,,,,,,,,,,,,,,,,,,,,,,,,,,,,,,,,,,,,,,,,,,,,,,,,,,,,,,,,,,,,,,,,,,,,,,,,,,,,,,,,,,,,,,,,,,,,,
,2018,Bioengineering,,,,,,"Ch 1a, Ch 1b",,,"Ma 1c, Ph 1bc",,,ACM 95b,EE 5,,,,,,,,,,,,,,,,,,,,,,,,,,,,,,,,,,,,,,,,,,,,,,,,,,,,,,,,,,,,,,,,,,,,,,,,,,,,,,,,,,,,,,,,,,,,,,,,,,,,,,,,,,,,,,,,,,,,,,,,,,,,,,,,,,,,,,,,,,,,,,,,,,,,,,,,,,,,,,,,,,,,,,,,,,,
,2019,Electrical Engineering,,,,,,,,,,,,,,,,,,,,,,,,,,,,,,,,,,,,,,,,,,,,,,,,,,,,,,,,,,,,,,,,,,,,,,,,,,,,,,,,,,,,,,,,,,,,,,,,,,,,,,,,,,,,,,,,,,,,,,,,,,,,,,,,,,,,,,,,,,,,,,,,,,,"Ma 1b, Ma 1c",,"Ma 1b, Ph 1a, Ph 1b, Ph 1c","Ma 1b, Ph 1a, Ph 1b, Ph 1c","Ma 1b, Ph 1a, Ph 1b, Ph 1c","Ma 1b, Ma 1c, Ph 1a",,"Ma 1b, Ma 1c, Ph 1b, Ph 1c","Ma 1b, Ma 1c, Ph 1b, Ph 1c","Ma 1c, Ph 1b, Ph 1c",,Ma 1b,,"Ma 1b, Ma 1c","Ma 1b, Ma 1c, Ph 1b, Ph 1c",,,,,,,,,,,,,,,,,,,,,,,
,2019,Chemical Engineering,,,,,,,,,,,,,,,,,,"Ph 2/12a, ACM 95ab",Ch 41b,ChE 103c,,,,,,,,,,,MS 115,Ma 2,,Ch 41b,,,,ACM 95ab,"Ma 2, ACM 95ab",ACM 95ab,,,,,,,,,,,,,,,,,,,,,,,,,,,,,,,,,,,,,,,,,,,,,,,,,,,,,,,,,,,,,,,,,,,,,,,,,,,,,,,,,,,,,,,,,,,,,,,,,,,,,,,,,,,,,,,,,,,,,,,,,,,,,,,,,,,,,,,,,,,,,,,,
,2020,Computer Science,,,,,,,,,,,,,,,,,,,,,,,,,,,,,,,,,,,,,,,,,,,,,,,,,,,,,,,,,,,,,,,,,,,,,,,,,,,,,,,,,,,,,,,,,,,,,,,,,,,,,,,,,,,,,,,,,,,,,,,,,,,,,,,,,,,,,,,,,,,,,,,,,,,,,,,,,,,,,,,,,,,,,,,,CS 1,,CS 1,Ma 1a,"CS 1, CS 2","Ma 1a, CS 21","CS 1, CS 2","Ma 1b, CS 156a",,CS 1,,,,,,,
,2018,Computer Science,,,,,,,,,,,,,,,,,,,,,,,,,,,,,,,,,,,,,,,,,,,,,,,,,,,,,,,,,,,,,,,,,,,,,,,,,,,,,,,,,,,,,,,,,,,,,,,,,,,,,,,,,,,,,,,,,,,,,,,,,,,,,,,,,,,,,,,,,,,,,,,,,,,,,,,,,,,,,,,,,,,,,,,,"Ma 1a, Ma 1b, Ma 1c, CS 1, CS 11","Ma 1a, Ma 1b, Ma 1c, CS 1",CS 1,"Ma 1a, Ma 1b, Ma 1c, Ma 2, Ma/CS 6a",,"Ma 1a, Ma 1b, Ma 1c, Ma 2, CS 1, CS 21, Ma/CS 6a","Ma 1a, Ma 1b, Ma 1c, Ma 2, CS 1","Ma 1a, Ma 1b, Ma 1c, Ma 2, CS 1, CS 156a","Ma 1a, Ma 1b, Ma 1c, Ma 2, Ma 3, CS 1, CS 2, Ma/CS 6a","Ma 1a, Ma 1b, Ma 1c, Ma 2, CS 1",,,,,,,
,2020,Computer Science,,,,,,,,,,,,,,,,,,,,,,,,,,,,,,,,,,,,,,,,,,,,,,,,,,,,,,,,,,,,,,,,,,,,,,,,,,,,,,,,,,,,,,,,,,,,,,,,,,,,,,,,,,,,,,,,,,,,,,,,,,,,,,,,,,,,,,,,,,,,,,,,,,,,,,,,,,,,,,,,,,,,,,,,CS 1,"CS 1, CS 2",,Ma 1a,"CS 1, CS 2",Ma 1a,,,,,,,,,,,
,2020,Mechanical Engineering,,,,,,,,,,,,,,,,,,,,,,,,,,,,,,,,,,,,,,,,,,,,,,,,,,,,,,,,,,,,,,,,,,,,,,,,,,,,,,,,,,,,,,,,,,,,,,,,,,,,,,,,,,,,,,,,,,,,,,,,,,,,,,,,,,,,,,,,,,,"Ma 1b, Ma 1c, Ph 1a","Ma 1b, Ma 1c, Ph 1a",,Ph 1a,"Ma 1b, Ma 1c",,,,,,,,,,,,,,,,,,,,,,,,,,,,,,,,,,,,,,,,,
,2021,ACM,,,,,,,,,,,,,,,,,,,,,,,,,,,,,,,,,,,,,,,,,,,,,,,,,,,,,,,,,,,,,,,,,,,,,,,,,,,,,,,,,,,,,,,,,,,,,,,,,,,,,,,,,,,,,,,,,,,,,,,,,,,,,,,,,,,,,,,,,,,,,,,,,,,,,,,,,,,,,,,,,,,,,,,,,,,,,,,,,,,,,,,,
,2020,Math,,,,,,,,,,,,,,,,,,,,,,,,,,,,,,,,,,,,,,,,,,,,,Ma 1a,,,,,,,,,,,,,,,,,,,,,,,,,,,,,,,,,,,,,,,,,,,,,,,,,,,,,,,,,,,,,,,,,,,,,,,,,,,,,,,,,,,,,,,,,,,,,,,,,,,,,,,,,,,,,,,,,,,,,,,,,,,,,,,,,,,,,,,,,,,
,2020,Mechanical Engineering,,,,,,,,,,,,,,,,,,,,,,,,,,,,,,,,,,,,,,,,,,,,,,,,,,,,,,,,,,,,,,,,,,,,,,,,,,,,,,,,,,,,,,,,,,,,,,,,,,,,,,,,,,,,,,,,,,,,,,,,,,,,,,,,,,,,,,,,,,,"Ma 1c, Ph 1a","Ma 1b, Ma 1c, Ph 1a",,Ph 1a,"Ma 1b, Ma 1c, CS 1",,,,,,,,,,,,,,,,,,,,,,,,,,,,,,,,,,,,,,,,,
,2020,Physics/Astrophysics,,,,,,,,,,,,,,,,,,,,,,,,,,,,,,,,,,,,,,,,,,,,,,,,,,,,,"Ma 1a, Ma 1c",,"Ma 1c, Ph 1a","Ma 1c, Ph 1a",,Ma 1c,,,,,,,,,,,,,,,,,,,,,,,,,,,,,,,,,,,,,,,,,,,,,,,,,,,,,,,,,,,,,,,,,,,,,,,,,,,,,,,,,,,,,,,,,,,,,,,,,,,,,,,,,,,,,,,,,,,,,,,,,,,,,,
,2021,Electrical Engineering,,,,,,,,,,,,,,,,,,,,,,,,,,,,,,,,,,,,,,,,,,,,,,,,,,,,,,,,,,,,,,,,,,,,,,,,,,,,,,,,,,,,,,,,,,,,,,,,,,,,,,,,,,,,,,,,,,,,,,,,,,,,,,,,,,,,,,,,,,,,,,,,,,,,,,,,,Ch 1a,,,,,,,,,,,,,,,,,,,,,,,,,,,,,,,
,2021,ACM,,,,,,,,,,,,,,,,,,,,,,,,,,,,,,,,,,,,,,,,,,,,,,,,,,,,,,,,,,,,,,,,,,,,,,,,,,,,,,,,,,,,,,,,,,,,,,,,,,,,,,,,,,,,,,,,,,,,,,,,,,,,,,,,,,,,,,,,,,,,,,,,,,,,,,,,,,,,,,,,,,,,,,,,,,,,,,,,,,,,,,,,
,2019,Mechanical Engineering,,,,,,,,,,,,,,,,,,,,,,,,,,,,,,,,,,,,,,,,,,,,,,,,,,,,,,,,,,,,,,,,,,,,,,,,,,,,,,,,,,,,,,,,,,,,,,,,,,,,,,,,,,,,,,,,,,,,,,,,,,,,,,,,,,,,,,,,,,,"Ma 1c, Ph 1a, Ph 1b","Ma 1c, Ph 1a, Ph 1b, Ph 1c",,"Ph 1a, Ph 1b, Ph 1c","Ma 1b, Ma 1c",,CS 1,"Ma 1b, CS 1",,,,,,,,,,,,,,,,,,,,,,,,,,,,,,,,,,,,,,
,2021,Electrical Engineering,,,,,,,,,,,,,,,,,,,,,,,,,,,,,,,,,,,,,,,,,,,,,,,,,,,,,,,,,,,,,,,,,,,,,,,,,,,,,,,,,,,,,,,,,,,,,,,,,,,,,,,,,,,,,,,,,,,,,,,,,,,,,,,,,,,,,,,,,,,,,,,,,,,,,,,,,,,,,,,,,,,,,,,,,,,,,,,,,,,,,,,,
,2018,Math,,,,,,,,,,,,,,,,,,,,,,,,,,,,,,,,,,,,,,,,,,Ma 1b,Ma 1a,,"Ma 1a, Ma 5abc","Ma 1a, Ma 5abc",Ma 5abc,Ma 5abc,Ma 1a,,Ma 5abc,Ma 5abc,,,,,,,,,,,,,,,,,,,,,,,,,,,,,,,,,,,,,,,,,,,,,,,,,,,,,,,,,,,,,,,,,,,,,,,,,,,,,,,,,,,,,,,,,,,,,,,,,,,,,,,,,,,,,,,,,,,,,,,,,,,,,,,,,,,,
,2020,Applied Physics,,,,,,,,,,,,,,,,,,,,,,,,,,,,,,,,,,,,,,,,,,,,,,,,,,,,,,,,,,,,,,,,,,,,,,,,,,,,,,"Ph 1a, Ph 1b, Ph 1c, Ma 2",,"Ph 1a, Ph 1b, Ph 1c",,,,,,,,,,,,,,,,Ph 1a,"Ph 1b, Ph 1c",,,,,,,,,,,,,,,,,,,,,,,,,,,,,,,,,,,,,,,,,,,,,,,,,,,,,,,,,,,,,,,,,,,,,,,,,,,,,,,,,,,,,,,
,2021,Electrical Engineering,,,,,,,,,,,,,,,,,,,,,,,,,,,,,,,,,,,,,,,,,,,,,,,,,,,,,,,,,,,,,,,,,,,,,,,,,,,,,,,,,,,,,,,,,,,,,,,,,,,,,,,,,,,,,,,,,,,,,,,,,,,,,,,,,,,,,,,,,,,,,,,,,,,,,,,,,,,,,,,,,,,,,,,,,,,,,,,,,,,,,,,,
,2020,Computer Science,,,,,,,,,,,,,,,,,,,,,,,,,,,,,,,,,,,,,,,,,,,,,,,,,,,,,,,,,,,,,,,,,,,,,,,,,,,,,,,,,,,,,,,,,,,,,,,,,,,,,,,,,,,,,,,,,,,,,,,,,,,,,,,,,,,,,,,,,,,,,,,,,,,,,,,,,,,,,,,,,,,,,,,,"CS 1, CS 11","CS 1, CS 2, CS 11",CS 1,"CS 2, Ma/CS 6a","CS 1, CS 2, CS 11","CS 2, CS 21, Ma/CS 6a",,,,,,,,,,,
,2018,Physics/Astrophysics,,,,,,,,,,,,,,,,,,,,,,,,,,,,,,,,,,,,,,,,,,,,,,,,,,,,,,,,ACM 95a,,,,,,,Ph 12a,Ph 12b,,Ph 125ab,ACM 95b,Ph 2/12b,Ph 2/12c,,,,,,,,,,,,,,,,,,,,,,,,,,,,,,,,,,,,,,,,,,,,,,,,,,,,,,,,,,,,,,,,,,,,,,,,,,,,,,,,,,,,,,,,,,,,,,,,,,,,,,,,,,,,,,,,,,,
,2018,Electrical Engineering,,,,,,,,,,,,,,,,,,,,,,,,,,,,,,,,,,,,,,,,,,,,,,,,,,,,,,,,,,,,,,,,,,,,,,,,,,,,,,,,,,,,,,,,,,,,,,,,,,,,,,,,,,,,,,,,,,,,,,,,,,,,,,,,,,,,,,,,,,,,,,,,,,,Ma 1c,Ma 1c,"Ph 1a, Ph 1b, Ph 1c","Ph 1a, Ph 1b, Ph 1c","Ph 1a, Ph 1b, Ph 1c",Ma 1c,,Ma 1c,Ma 1c,Ma 1c,,Ma 1c,,Ma 1a,"Ma 1c, Ph 1b, Ph 1c",,,,,,,,,,,,,,,,,,,,,,,
,2021,Mechanical Engineering,,,,,,,,,,,,,,,,,,,,,,,,,,,,,,,,,,,,,,,,,,,,,,,,,,,,,,,,,,,,,,,,,,,,,,,,,,,,,,,,,,,,,,,,,,,,,,,,,,,,,,,,,,,,,,,,,,,,,,,,,,,,,,,,,,,,,,,,,,,,,,,,,,,,,,,,,,,,,,,,,,,,,,,,,,,,,,,,,,,,,,,,
,2020,Electrical Engineering,,,,,,,,,,,,,,,,,,,,,,,,,,,,,,,,,,,,,,,,,,,,,,,,,,,,,,,,,,,,,,,,,,,,,,,,,,,,,,,,,,,,,,,,,,,,,,,,,,,,,,,,,,,,,,,,,,,,,,,,,,,,,,,,,,,,,,,,,,,,,,,,,,,"Ma 1a, Ma 1b, Ma 1c","Ma 1a, Ma 1b, Ma 1c",,,,,,"Ma 1b, Ma 1c, Ma 2",,,,,,,,,,,,,,,,,,,,,,,,,,,,,,
,2020,Electrical Engineering,,,,,,,,,,,,,,,,,,,,,,,,,,,,,,,,,,,,,,,,,,,,,,,,,,,,,,,,,,,,,,,,,,,,,,,,,,,,,,,,,,,,,,,,,,,,,,,,,,,,,,,,,,,,,,,,,,,,,,,,,,,,,,,,,,,,,,,,,,,,,,,,,,,"Ma 1a, Ma 1b, Ma 1c","Ma 1a, Ma 1b, Ma 1c",,,,,,"Ma 1a, Ma 1b, Ma 1c",,,,,,,,,,,,,,,,,,,,,,,,,,,,,,
,2020,Chemistry,,,,,,,,,,,,,,,,,,,,,,,,Ch 3a,,,,Ch 3a,,,,,,,,,,,,,,,,,,,,,,,,,,,,,,,,,,,,,,,,,,,,,,,,,,,,,,,,,,,,,,,,,,,,,,,,,,,,,,,,,,,,,,,,,,,,,,,,,,,,,,,,,,,,,,,,,,,,,,,,,,,,,,,,,,,,,,,,,,,,,,,,,,,,,,,,,,,,
,2019,Chemistry,,,,,,,,,,,,,,"Ma 1b, Ma 1c",,,"Ch 1a, Ch 153a","Ph 1c, Ph 2/12a",Ch 102,,,,Ch 1b,Ch 3a,Ch 3a,,,Ch 3a,,,,,"Ma 1b, Ma 1c",,,,,,,,,,,,,,,,,,,,,,,,,,,,,,,,,,,,,,,,,,,,,,,,,,,,,,,,,,,,,,,,,,,,,,,,,,,,,,,,,,,,,,,,,,,,,,,,,,,,,,,,,,,,,,,,,,,,,,,,,,,,,,,,,,,,,,,,,,,,,,,,,,,,,,,
,2018,Chemistry,,,,,,,,,,,,,,Ma 1c,Ma 1a,"Ma 1b, Ma 1c, Ph 1a, Ph 1b, Ph 1c",,Ph 2/12a,"Ph 1a, Ph 1b, Ph 1c, Ch 21a",,,"Ma 1c, Ch 1a, Ch 1b, Ma 2, Ma 3","Ch 1a, Ch 1b",Ch 3a,,,Ch 3a,Ch 3a,,Bi 8,,,,,,,,,,,,,,,,,,,,,,,,,,,,,,,,,,,,,,,,,,,,,,,,,,,,,,,,,,,,,,,,,,,,,,,,,,,,,,,,,,,,,,,,,,,,,,,,,,,,,,,,,,,,,,,,,,,,,,,,,,,,,,,,,,,,,,,,,,,,,,,,,,,,,,,,,,
,2020,Chemical Engineering,,,,,,,,,,,,,,"Ma 1a, Ma 1b, Ma 1c",,"Ph 1a, Ph 1b, Ph 1c",,,,,,,"Ch 1a, Ch 1b, Ch 3a",,,,,,,,,"Ma 1a, Ma 1b, Ma 1c, Ma 2",,"Ch 1a, Ch 1b, Ch 3a",,,,,,,,,,,,,,,,,,,,,,,,,,,,,,,,,,,,,,,,,,,,,,,,,,,,,,,,,,,,,,,,,,,,,,,,,,,,,,,,,,,,,,,,,,,,,,,,,,,,,,,,,,,,,,,,,,,,,,,,,,,,,,,,,,,,,,,,,,,,,,,,,,,,,,
,2020,Chemical Engineering,,,,,,,,,,,,,,"Ma 1b, Ma 1c",,,,,,,,,"Ch 1a, Ch 1b",,,,,,,,,"Ma 1b, Ma 1c",,Ch 3a,CS 1,"ChE 63ab, CS 1",Ma 1c,,,,,,,,,,,,,,,,,,,,,,,,,,,,,,,,,,,,,,,,,,,,,,,,,,,,,,,,,,,,,,,,,,,,,,,,,,,,,,,,,,,,,,,,,,,,,,,,,,,,,,,,,,,,,,,,,,,,,,,,,,,,,,,,,,,,,,,,,,,,,,,,,,,
,2018,Chemistry,,,,,,,,,,,,,,"Ma 1a, Ma 1b, Ma 1c",,"Ma 1b, Ma 1c, Ph 1b, Ph 1c",,"Ma 2, Ph 2/12a","Ma 2, Ph 2/12a",,,,Ch 1b,Ch 1b,Ch 102,,,Ch 3a,,,Ch 3a,,Ma 1a,,,,,,,,,,,,,,,,,,,,,,,,,,,,,,,,,,,,,,,,,,,,,,,,,,,,,,,,,,,,,,,,,,,,,,,,,,,,,,,,,,,,,,,,,,,,,,,,,,,,,,,,,,,,,,,,,,,,,,,,,,,,,,,,,,,,,,,,,,,,,,,,,,,,,,,
,2019,Biology,Bi 8,,"Bi 8, Bi 9",,"Ph 1bc, Bi 8, Bi 9","Ch 1a, Ch 1b, Ph 1bc","Ma 1b, Ma 1c",,,,"Ma 1b, Ma 1c, Ma 2, Ma 3, Ph 2c, Bi 8, Bi 9",,,,,,,,,,,,,,,,,,,,,,,,,,,,,,,,,,,,,,,,,,,,,,,,,,,,,,,,,,,,,,,,,,,,,,,,,,,,,,,,,,,,,,,,,,,,,,,,,,,,,,,,,,,,,,,,,,,,,,,,,,,,,,,,,,,,,,,,,,,,,,,,,,,,,,,,,,,,,,,,,,,,,,,,,,,,,
,2021,Chemistry,,,,,,,,,,,,,,,,,,,,,,,,,,,,,,,,,,,,,,,,,,,,,,,,,,,,,,,,,,,,,,,,,,,,,,,,,,,,,,,,,,,,,,,,,,,,,,,,,,,,,,,,,,,,,,,,,,,,,,,,,,,,,,,,,,,,,,,,,,,,,,,,,,,,,,,,,,,,,,,,,,,,,,,,,,,,,,,,,,,,,,,,
,2019,Chemical Engineering,,,,,,,,,,,,,,"Ma 1b, Ma 1c",,"Ph 1a, Ph 1b, Ph 1c",,ACM 95ab,Ch 1a,"Ch 1a, Ch 1b",,,"Ch 1b, Ch 3a",,,,,,,,,"Ma 2, Ph 2a",,Ch 3a,Ma 2,,,Ma 2,ACM 95ab,ACM 95ab,,,,,,,,,,,,,,,,,,,,,,,,,,,,,,,,,,,,,,,,,,,,,,,,,,,,,,,,,,,,,,,,,,,,,,,,,,,,,,,,,,,,,,,,,,,,,,,,,,,,,,,,,,,,,,,,,,,,,,,,,,,,,,,,,,,,,,,,,,,,,,,,
,2018,Chemical Engineering,,,,,,,,,,,,,,"Ma 1a, Ma 1b, Ma 1c, Ph 1b",,"Ma 1a, Ma 1b, Ma 1c, Ph 1a, Ph 1b, Ph 1c",,"Ma 1a, Ma 1b, Ma 1c, Ph 1a, Ma 2, Ph 2/12a, ACM 95ab","Ma 1a, Ma 1b, Ma 1c, Ch 1a, Ch 1b, Ph 1a, Ma 2, Ph 2/12a, ACM 95ab",,,"Ma 1a, Ma 1c, Ch 1a, Ch 1b, Ch 3a, Ph 1a, Ph 1b, Bi 1","Ch 1a, Ch 1b, Ch 3a, Bi 1",,,,,,,,,"Ma 1a, Ma 1b, Ma 1c, Ma 2","Ma 1a, Ma 1b, Ma 1c","Ch 1a, Ch 1b, Ch 3a, Bi 1","Ma 1a, Ma 1b, Ma 1c, Ph 1a, Ma 2, ACM 95ab","Ma 1a, Ma 1c, Ch 1a, Ch 1b, Ch 3a, Ma 2","Ma 1a, Ma 1c, Ch 1a, Ch 1b","Ma 1a, Ma 1b, Ma 1c, Ma 2","Ma 1a, Ma 1b, Ma 1c, Ma 2, ACM 95ab","Ma 1a, Ma 1b, Ma 1c, Ma 2, ACM 95ab","Ma 1a, Ma 1b, Ma 1c, Ch 1a, Ch 1b, Ch 3a, Ph 1a, Ph 1b, Ph 1c, Bi 1",,,,,,,,,,,,,,,,,,,,,,,,,,,,,,,,,,,,,,,,,,,,,,,,,,,,,,,,,,,,,,,,,,,,,,,,,,,,,,,,,,,,,,,,,,,,,,,,,,,,,,,,,,,,,,,,,,,,,,,,,,,,,,,,,,,,,,,,,,,,,,,
,2018,Chemistry,,,,,,,,,,,,,,"Ma 1c, Ma 1a Section 1",,,Ch 154 ,"Ma 1b, Ph 2/12a",,,,,,Ch 102 ,Ch 4b,,,,Ch 3a,,,,,,,,,,,,,,,,,,,,,,,,,,,,,,,,,,,,,,,,,,,,,,,,,,,,,,,,,,,,,,,,,,,,,,,,,,,,,,,,,,,,,,,,,,,,,,,,,,,,,,,,,,,,,,,,,,,,,,,,,,,,,,,,,,,,,,,,,,,,,,,,,,,,,,,,,,,
,2018,Chemistry,,,,,,,,,,,,,,Ma 1c,,"Ma 1b, Ma 1c",Ch 1b,,"Ma 1b, Ma 1c, Ch 1a, Ch 1b, Ma 2, Ph 2/12a",,,,"Ch 1a, Ch 1b, Ch 3a","Ch 1b, Ch 3a",,,,,Ch 014,Bi 1,,,Ma 1c,,,,,,,,,,,,,,,,,,,,,,,,,,,,,,,,,,,,,,,,,,,,,,,,,,,,,,,,,,,,,,,,,,,,,,,,,,,,,,,,,,,,,,,,,,,,,,,,,,,,,,,,,,,,,,,,,,,,,,,,,,,,,,,,,,,,,,,,,,,,,,,,,,,,,,,
,2021,Computer Science,,,,,,,,,,,,,,,,,,,,,,,,,,,,,,,,,,,,,,,,,,,,,,,,,,,,,,,,,,,,,,,,,,,,,,,,,,,,,,,,,,,,,,,,,,,,,,,,,,,,,,,,,,,,,,,,,,,,,,,,,,,,,,,,,,,,,,,,,,,,,,,,,,,,,,,,,,,,,,,,,,,,,,,,,,"Ma 1a, Ma 1b, CS 1",Ma 1a,,,,,,,,,,,,,
,2019,Electrical Engineering,,,,,,,,,,,,,,,,,,,,,,,,,,,,,,,,,,,,,,,,,,,,,,,,,,,,,,,,,,,,,,,,,,,,,,,,,,,,,,,,,,,,,,,,,,,,,,,,,,,,,,,,,,,,,,,,,,,,,,,,,,,,,,,,,,,,,,,,,,,,,,,,,,,,,EE 44,,,,,,,,,,,,,,,,,,,,,,,,,,,,,,,,,,,
,2021,Physics/Astrophysics,,,,,,,,,,,,,,,,,,,,,,,,,,,,,,,,,,,,,,,,,,,,,,,,,,,,,,,"Ma 1b, Ph 1a, Ph 1b","Ma 1b, Ma 1c, Ch 1a, Ph 1a","Ma 1c, Ch 1b, Ph 1a",,,,,,"Ma 1b, Ma 1c, Ph 1a, Ph 1b, Ph 1c","Ma 1a, Ma 1b, Ma 1c, Ph 1a, Ph 1b, Ph 1c",,,,,,,,,,,,,,,,,,,,,,,,,,,,,,,,,,,,,,,,,,,,,,,,,,,,,,,,,,,,,,,,,,,,,,,,,,,,,,,,,,,,,,,,,,,,,,,,,,,,,,,,,,,,,,,,,,,,,,,,
,2021,Chemistry,,,,,,,,,,,,,,,,,,,,,,,,,,,,"Ch 1a, Ch 1b",,,,,,,,,,,,,,,,,,,,,,,,,,,,,,,,,,,,,,,,,,,,,,,,,,,,,,,,,,,,,,,,,,,,,,,,,,,,,,,,,,,,,,,,,,,,,,,,,,,,,,,,,,,,,,,,,,,,,,,,,,,,,,,,,,,,,,,,,,,,,,,,,,,,,,,,,,,,
,2018,Biology,Bi 8,,"Bi 8, Bi 9",Bi 8,,Ch 1b,,,,,,,,,,,,,,,,,,,,,,,,,,,,,,,,,,,,,,,,,,,,,,,,,,,,,,,,,,,,,,,,,,,,,,,,,,,,,,,,,,,,,,,,,,,,,,,,,,,,,,,,,,,,,,,,,,,,,,,,,,,,,,,,,,,,,,,,,,,,,,,,,,,,,,,,,,,,,,,,,,,,,,,,,,,,,,,,,,
,2021,Computer Science,,,,,,,,,,,,,,,,,,,,,,,,,,,,,,,,,,,,,,,,,,,,,,,,,,,,,,,,,,,,,,,,,,,,,,,,,,,,,,,,,,,,,,,,,,,,,,,,,,,,,,,,,,,,,,,,,,,,,,,,,,,,,,,,,,,,,,,,,,,,,,,,,,,,,,,,,,,,,,,,,,,,,,,,CS 1,,,Ma 1a,"CS 1, CS 2",,,,,,,,,,,,
,2020,Computer Science,,,,,,,,,,,,,,,,,,,,,,,,,,,,,,,,,,,,,,,,,,,,,,,,,,,,,,,,,,,,,,,,,,,,,,,,,,,,,,,,,,,,,,,,,,,,,,,,,,,,,,,,,,,,,,,,,,,,,,,,,,,,,,,,,,,,,,,,,,,,,,,,,,,,,,,,,,,,,,,,,,,,,,,,CS 1,CS 1,"CS 1, CS 2","Ma 1a, Ma/CS 6a","CS 1, CS 2",,,,,,,,,,,,
,2019,Computer Science,,,,,,,,,,,,,,,,,,,,,,,,,,,,,,,,,,,,,,,,,,,,,,,,,,,,,,,,,,,,,,,,,,,,,,,,,,,,,,,,,,,,,,,,,,,,,,,,,,,,,,,,,,,,,,,,,,,,,,,,,,,,,,,,,,,,,,,,,,,,,,,,,,,,,,,,,,,,,,,,,,,,,,,,CS 1,"CS 1, CS 2",CS 1,"Ma 1a, Ma 1b, Ma 1c, CS 2",CS 2,CS 21,,"Ma 1a, Ma 1b, Ma 1c, CS 38","Ma 1a, Ma 1b, Ma 1c, ACM116",,,,,,,,
,2020,Computer Science,,,,,,,,,,,,,,,,,,,,,,,,,,,,,,,,,,,,,,,,,,,,,,,,,,,,,,,,,,,,,,,,,,,,,,,,,,,,,,,,,,,,,,,,,,,,,,,,,,,,,,,,,,,,,,,,,,,,,,,,,,,,,,,,,,,,,,,,,,,,,,,,,,,,,,,,,,,,,,,,,,,,,,,,,,,Ma/CS 6a,,CS 21,,CS 156a,,,,,,,,,
,2018,Mechanical Engineering,,,,,,,,,,,,,,,,,,,,,,,,,,,,,,,,,,,,,,,,,,,,,,,,,,,,,,,,,,,,,,,,,,,,,,,,,,,,,,,,,,,,,,,,,,,,,,,,,,,,,,,,,,,,,,,,,,,,,,,,,,,,,,,,,,,,,,,,,,,"Ma 1b, Ma 1c, Ph 2c",,,"Ph 1a, ME 12abc","Ma 1b, Ma 1c, Ph 2a","ME 11c, ME 12ac","ME 13, ME 14",CS 1,,,,,,,,,,,,,,,,,,,,,,,,,,,,,,,,,,,,,,
,2019,Electrical Engineering,,,,,,,,,,,,,,,,,,,,,,,,,,,,,,,,,,,,,,,,,,,,,,,,,,,,,,,,,,,,,,,,,,,,,,,,,,,,,,,,,,,,,,,,,,,,,,,,,,,,,,,,,,,,,,,,,,,,,,,,,,,,,,,,,,,,,,,,,,,,,,,,,,,"Ma 1b, Ma 1c",,Ph 1a,,,,,,,,,,,Ma 3,Ph 1b,,,,,,,,,,,,,,,,,,,,,,,